#
# A fatal error has been detected by the Java Runtime Environment:
#
#  SIGBUS (0x7) at pc=0x00007fc24dd4a453, pid=75144, tid=75247
#
# JRE version: OpenJDK Runtime Environment Temurin-25.0.3+9 (25.0.3+9) (build 25.0.3+9-LTS)
# Java VM: OpenJDK 64-Bit Server VM Temurin-25.0.3+9 (25.0.3+9-LTS, mixed mode, sharing, tiered, compressed oops, compressed class ptrs, g1 gc, linux-amd64)
# Problematic frame:
# C  [libedgememo_qdrant.so+0xf4a453]  _RNvMNtNtNtCs2pJBvUoaf8B_6bitvec5slice14specialization4lsb0INtB6_8BitSliceyE12sp_first_oneCs3diVYAWad9E_11qdrant_edge+0x153
#
# Core dump will be written. Default location: Determined by the following: "/usr/lib/systemd/systemd-coredump %P %u %g %s %t %c %h %d %F %I" (alternatively, falling back to /home/sub/Subarno/cc6/EdgeMemo/app/core.75144)
#
# If you would like to submit a bug report, please visit:
#   https://github.com/adoptium/adoptium-support/issues
# The crash happened outside the Java Virtual Machine in native code.
# See problematic frame for where to report the bug.
#

---------------  S U M M A R Y ------------

Command Line: -Djava.awt.headless=true -Djava.library.path=/usr/java/packages/lib:/usr/lib64:/lib64:/lib:/usr/lib:/home/sub/Subarno/cc6/EdgeMemo/app/src/testDebug/jniLibs:/home/sub/Subarno/cc6/EdgeMemo/app/src/test/jniLibs -Dorg.gradle.internal.worker.tmpdir=/home/sub/Subarno/cc6/EdgeMemo/app/build/tmp/testDebugUnitTest/work --add-opens=java.base/java.io=ALL-UNNAMED -Xmx512m -Dfile.encoding=UTF-8 -Duser.country=US -Duser.language=en -Duser.variant -ea worker.org.gradle.process.internal.worker.GradleWorkerMain 'Gradle Test Executor 8'

Host: Intel(R) Core(TM) i7-14650HX, 24 cores, 15G, Arch Linux
Time: Wed Sep 30 02:49:09 2026 IST elapsed time: 21.584890 seconds (0d 0h 0m 21s)

---------------  T H R E A D  ---------------

Current thread (0x00007fc25d70ff70):  JavaThread "DefaultDispatcher-worker-1 @coroutine#1619" daemon [_thread_in_native, id=75247, stack(0x00007fc22cbfd000,0x00007fc22ccfd000) (1024K)]

Stack: [0x00007fc22cbfd000,0x00007fc22ccfd000],  sp=0x00007fc22ccf8590,  free space=1005k
Native frames: (J=compiled Java code, j=interpreted, Vv=VM code, C=native code)
C  [libedgememo_qdrant.so+0xf4a453]  _RNvMNtNtNtCs2pJBvUoaf8B_6bitvec5slice14specialization4lsb0INtB6_8BitSliceyE12sp_first_oneCs3diVYAWad9E_11qdrant_edge+0x153
Java frames: (J=compiled Java code, j=interpreted, Vv=VM code)
J 10524  com.example.EdgeMemo.native.qdrant.NativeBridge.nativeCreatePayloadIndex(JLjava/lang/String;Ljava/lang/String;)V (0 bytes) @ 0x00007fc2983ed968 [0x00007fc2983ed900+0x0000000000000068]
J 10677 c1 com.example.EdgeMemo.data.local.record.QdrantEdgeRecordStore.createIndexIfNeeded(JLjava/lang/String;Ljava/lang/String;)V (69 bytes) @ 0x00007fc290542a84 [0x00007fc290542980+0x0000000000000104]
J 10676 c1 com.example.EdgeMemo.data.local.record.QdrantEdgeRecordStore.access$createIndexIfNeeded(Lcom/example/EdgeMemo/data/local/record/QdrantEdgeRecordStore;JLjava/lang/String;Ljava/lang/String;)V (9 bytes) @ 0x00007fc290c5cce4 [0x00007fc290c5cc80+0x0000000000000064]
j  com.example.EdgeMemo.data.local.record.QdrantEdgeRecordStore$ensureIndexes$2$1.invokeSuspend(Ljava/lang/Object;)Ljava/lang/Object;+181
J 13041 c2 kotlin.coroutines.jvm.internal.BaseContinuationImpl.resumeWith(Ljava/lang/Object;)V (124 bytes) @ 0x00007fc2984af900 [0x00007fc2984af880+0x0000000000000080]
J 13262 c1 kotlinx.coroutines.DispatchedTask.run()V (400 bytes) @ 0x00007fc291e207ec [0x00007fc291e1f100+0x00000000000016ec]
J 9365 c1 kotlinx.coroutines.internal.LimitedDispatcher$Worker.run()V (95 bytes) @ 0x00007fc29153611c [0x00007fc291536000+0x000000000000011c]
J 9364 c1 kotlinx.coroutines.scheduling.TaskImpl.run()V (10 bytes) @ 0x00007fc291532a8c [0x00007fc291532980+0x000000000000010c]
J 9217 c1 kotlinx.coroutines.scheduling.CoroutineScheduler.runSafely(Lkotlinx/coroutines/scheduling/Task;)V (73 bytes) @ 0x00007fc2914a6f0c [0x00007fc2914a6e00+0x000000000000010c]
J 9215 c1 kotlinx.coroutines.scheduling.CoroutineScheduler$Worker.executeTask(Lkotlinx/coroutines/scheduling/Task;)V (168 bytes) @ 0x00007fc2914a50cc [0x00007fc2914a4d00+0x00000000000003cc]
j  kotlinx.coroutines.scheduling.CoroutineScheduler$Worker.runWorker()V+44
j  kotlinx.coroutines.scheduling.CoroutineScheduler$Worker.run()V+1
v  ~StubRoutines::call_stub 0x00007fc29785ffa6

siginfo: si_signo: 7 (SIGBUS), si_code: 2 (BUS_ADRERR), si_addr: 0x00007fc1dc761000

Registers:
RAX=0x0000000000061000, RBX=0x00007fc22ccf8680, RCX=0x00007fc1dc700000, RDX=0x0000000000308000
RSP=0x00007fc22ccf8590, RBP=0x00007fc24007af20, RSI=0x0000000000000000, RDI=0x00007fc1dc700000
R8 =0x0000000000100000, R9 =0x0000000000308000, R10=0x0000000000000000, R11=0x00007fc2afe19ac0
R12=0x000000000000008a, R13=0x00007fc24007ab60, R14=0x0000000004000000, R15=0x00007fc1dc700000
RIP=0x00007fc24dd4a453, EFLAGS=0x0000000000010206, CSGSFS=0x002b000000000033, ERR=0x0000000000000004
  TRAPNO=0x000000000000000e

XMM[0]=0x0000000004000000 0x00007fc1dc700000
XMM[1]=0x0000000000100000 0x0000000000000000
XMM[2]=0x00007fc1dc700000 0x00007fc1dc700000
XMM[3]=0x0000000000020000 0x9c007fc240ff0001
XMM[4]=0x00007fc240032d10 0x00007fc24007a040
XMM[5]=0x0000000000000091 0x0000000000020000
XMM[6]=0x00007fc1dc700000 0x0000000000100000
XMM[7]=0x00007fc24007b1e0 0x000000000000009d
XMM[8]=0xe4c18cec0fb33112 0xe3361d4f230f3b06
XMM[9]=0x682e6ff35b9cca4f 0x4ed8aa4a391c0cb3
XMM[10]=0x8cc7020884c87814 0x78a5636f748f82ee
XMM[11]=0xc67178f2bef9a3f7 0xa4506ceb90befffa
XMM[12]=0x656ed141f0e9ec1a 0xfabca961b66dfdeb
XMM[13]=0x15ccb9ae8a2e8c50 0x3463396c9be67c6d
XMM[14]=0x021c4905b72f5dc7 0xdb4dc96701035b6f
XMM[15]=0x4d9aedfb4d9aedfb 0xe79b21afb1dce7f0
  MXCSR=0x00001fa3


Register to memory mapping:

RAX=0x0000000000061000 is an unknown value
RBX=0x00007fc22ccf8680 is pointing into the stack for thread: 0x00007fc25d70ff70
RCX=0x00007fc1dc700000 points into unknown readable memory: 0x0000000000000000 | 00 00 00 00 00 00 00 00
RDX=0x0000000000308000 is an unknown value
RSP=0x00007fc22ccf8590 is pointing into the stack for thread: 0x00007fc25d70ff70
RBP=0x00007fc24007af20 points into unknown readable memory: 0x6764652f706d742f | 2f 74 6d 70 2f 65 64 67
RSI=0x0 is null
RDI=0x00007fc1dc700000 points into unknown readable memory: 0x0000000000000000 | 00 00 00 00 00 00 00 00
R8 =0x0000000000100000 is an unknown value
R9 =0x0000000000308000 is an unknown value
R10=0x0 is null
R11=0x00007fc2afe19ac0: <offset 0x0000000000219ac0> in /usr/lib/libc.so.6 at 0x00007fc2afc00000
R12=0x000000000000008a is an unknown value
R13=0x00007fc24007ab60 points into unknown readable memory: 0x6764652f706d742f | 2f 74 6d 70 2f 65 64 67
R14=0x0000000004000000 is an unknown value
R15=0x00007fc1dc700000 points into unknown readable memory: 0x0000000000000000 | 00 00 00 00 00 00 00 00

Top of Stack: (sp=0x00007fc22ccf8590)
0x00007fc22ccf8590:   00007fc24007af20 00007fc1dc700000    ..@......p.....
0x00007fc22ccf85a0:   0000000000020000 0000000000000000   ................
0x00007fc22ccf85b0:   0000000000000000 0000000000100000   ................
0x00007fc22ccf85c0:   0000000000000000 00007fc1dc700000   ..........p.....
0x00007fc22ccf85d0:   9c007fc240ff0001 00007fc24e01180f   ...@.......N....
0x00007fc22ccf85e0:   00007fc22ccf8738 00007fc22ccf8990   8..,.......,....
0x00007fc22ccf85f0:   00007fc22ccf8738 00007fc24e20aec3   8..,...... N....
0x00007fc22ccf8600:   000000000000009d 0000000000000000   ................
0x00007fc22ccf8610:   0000000000000008 0000000000000000   ................
0x00007fc22ccf8620:   00007fc22ccf8650 00007fc2afca5068   P..,....hP......
0x00007fc22ccf8630:   0000000000000050 0000000000000130   P.......0.......
0x00007fc22ccf8640:   00007fc240079da0 00007fc240000030   ...@....0..@....
0x00007fc22ccf8650:   00007fc22ccf8690 00007fc2afca623e   ...,....>b......
0x00007fc22ccf8660:   00007fc22ccf8690 00007fc2afca79ee   ...,.....y......
0x00007fc22ccf8670:   00007fc24007b1e0 00007fc22ccf8990   ...@.......,....
0x00007fc22ccf8680:   00007fc1dc700000 0000000004000000   ..p.............
0x00007fc22ccf8690:   0000000000000000 00007fc2afca6337   ........7c......
0x00007fc22ccf86a0:   00007fc22ccf8990 000000000000009c   ...,............
0x00007fc22ccf86b0:   0000000000000091 00007fc22ccf8c48   ........H..,....
0x00007fc22ccf86c0:   000000000000008a 00007fc24007ab60   ........`..@....
0x00007fc22ccf86d0:   00007fc22ccf8990 00007fc22ccf8738   ...,....8..,....
0x00007fc22ccf86e0:   00007fc24007af20 00007fc24de29428    ..@....(..M....
0x00007fc22ccf86f0:   000000000000009d 00007fc24007af20   ........ ..@....
0x00007fc22ccf8700:   000000000000009d 00007fc24007b1e0   ...........@....
0x00007fc22ccf8710:   00007fc24007b220 0000000000000000    ..@............
0x00007fc22ccf8720:   00007fc1dc700000 0000000004000000   ..p.............
0x00007fc22ccf8730:   0000000000000000 9c007fc240ff0001   ...........@....
0x00007fc22ccf8740:   0000000000020000 0000000000000091   ................
0x00007fc22ccf8750:   00007fc24007a490 00007fc1dc700000   ...@......p.....
0x00007fc22ccf8760:   0000000004000000 0000000000000000   ................
0x00007fc22ccf8770:   0000000000000000 0000000000000000   ................
0x00007fc22ccf8780:   00007fc24007a040 00007fc240032d10   @..@.....-.@....

Instructions: (pc=0x00007fc24dd4a453)
  0x00007fc24dd4a353:   85 d2 74 22 48 85 c9 74 26 40 80 ff 40 75 34 4c
  0x00007fc24dd4a363:   8d 0d 57 21 67 00 eb 41 40 00 ce 89 f7 48 83 e0
  0x00007fc24dd4a373:   f8 48 85 d2 75 de 4c 8d 0d f0 21 67 00 eb 2a 40
  0x00007fc24dd4a383:   80 ff 40 48 8d 35 c3 22 67 00 4c 8d 0d 8c 21 67
  0x00007fc24dd4a393:   00 eb 12 48 83 fa 01 48 8d 35 6f 22 67 00 4c 8d
  0x00007fc24dd4a3a3:   0d e8 21 67 00 4c 0f 44 ce 48 83 ec 48 0f b6 c9
  0x00007fc24dd4a3b3:   44 0f b6 c7 48 8d 7c 24 08 48 89 c6 41 ff d1 48
  0x00007fc24dd4a3c3:   8b 7c 24 08 48 85 ff 74 43 4c 8b 44 24 10 48 8b
  0x00007fc24dd4a3d3:   44 24 18 48 8b 74 24 30 48 8b 4c 24 38 48 85 c0
  0x00007fc24dd4a3e3:   74 50 44 0f b6 4c 24 28 4c 8b 10 4c 23 54 24 20
  0x00007fc24dd4a3f3:   ba 40 00 00 00 f3 49 0f bc d2 4c 29 ca b8 01 00
  0x00007fc24dd4a403:   00 00 4d 85 d2 74 2d 48 83 c4 48 c3 48 8b 44 24
  0x00007fc24dd4a413:   10 48 8b 00 48 23 44 24 18 74 70 0f b6 4c 24 20
  0x00007fc24dd4a423:   f3 48 0f bc d0 48 29 ca b8 01 00 00 00 48 83 c4
  0x00007fc24dd4a433:   48 c3 31 d2 4d 85 c0 74 36 49 c1 e0 03 31 c0 66
  0x00007fc24dd4a443:   66 66 66 66 2e 0f 1f 84 00 00 00 00 00 49 89 d1
=>0x00007fc24dd4a453:   4c 8b 14 07 ba 40 00 00 00 f3 49 0f bc d2 4c 01
  0x00007fc24dd4a463:   ca 4d 85 d2 75 c2 48 83 c0 08 49 39 c0 75 de 48
  0x00007fc24dd4a473:   85 f6 74 17 48 23 0e 74 12 f3 48 0f bc c1 48 01
  0x00007fc24dd4a483:   c2 b8 01 00 00 00 48 83 c4 48 c3 31 c0 48 83 c4
  0x00007fc24dd4a493:   48 c3 cc cc cc cc cc cc cc cc cc cc cc 48 89 f8
  0x00007fc24dd4a4a3:   8d 14 fd 00 00 00 00 83 e2 38 89 f7 83 e7 07 48
  0x00007fc24dd4a4b3:   8d 0c 3a 48 c1 ee 03 48 01 f7 48 01 fa 48 83 c2
  0x00007fc24dd4a4c3:   3f 48 c1 ea 06 89 cf 48 85 f6 74 1f bf 40 00 00
  0x00007fc24dd4a4d3:   00 48 29 cf 48 39 fe 76 2f 29 fe 40 80 e6 3f 40
  0x00007fc24dd4a4e3:   0f b6 f6 bf 40 00 00 00 0f 45 fe 48 83 e0 f8 48
  0x00007fc24dd4a4f3:   85 d2 74 22 48 85 c9 74 26 40 80 ff 40 75 34 4c
  0x00007fc24dd4a503:   8d 0d b7 1f 67 00 eb 41 40 00 ce 89 f7 48 83 e0
  0x00007fc24dd4a513:   f8 48 85 d2 75 de 4c 8d 0d 50 20 67 00 eb 2a 40
  0x00007fc24dd4a523:   80 ff 40 48 8d 35 23 21 67 00 4c 8d 0d ec 1f 67
  0x00007fc24dd4a533:   00 eb 12 48 83 fa 01 48 8d 35 cf 20 67 00 4c 8d
  0x00007fc24dd4a543:   0d 48 20 67 00 4c 0f 44 ce 48 83 ec 48 0f b6 c9


Stack slot to memory mapping:

stack at sp + 0 slots: 0x00007fc24007af20 points into unknown readable memory: 0x6764652f706d742f | 2f 74 6d 70 2f 65 64 67
stack at sp + 1 slots: 0x00007fc1dc700000 points into unknown readable memory: 0x0000000000000000 | 00 00 00 00 00 00 00 00
stack at sp + 2 slots: 0x0000000000020000 is an unknown value
stack at sp + 3 slots: 0x0 is null
stack at sp + 4 slots: 0x0 is null
stack at sp + 5 slots: 0x0000000000100000 is an unknown value
stack at sp + 6 slots: 0x0 is null
stack at sp + 7 slots: 0x00007fc1dc700000 points into unknown readable memory: 0x0000000000000000 | 00 00 00 00 00 00 00 00

Lock stack of current Java thread (top to bottom):


Compiled method (n/a) 21588 10524     n 0       com.example.EdgeMemo.native.qdrant.NativeBridge::nativeCreatePayloadIndex (native)
 total in heap  [0x00007fc2983ed808,0x00007fc2983eda78] = 624
 main code      [0x00007fc2983ed900,0x00007fc2983eda6f] = 367
 stub code      [0x00007fc2983eda6f,0x00007fc2983eda70] = 1
 oops           [0x00007fc2983eda70,0x00007fc2983eda78] = 8
 mutable data [0x00007fc24026e8b0,0x00007fc24026e8c8] = 24
 relocation     [0x00007fc24026e8b0,0x00007fc24026e8c8] = 24

[Constant Pool (empty)]

[MachCode]
[Entry Point]
  # {method} {0x00007fc260e0fce0} 'nativeCreatePayloadIndex' '(JLjava/lang/String;Ljava/lang/String;)V' in 'com/example/EdgeMemo/native/qdrant/NativeBridge'
  # this:     rsi:rsi   = 'com/example/EdgeMemo/native/qdrant/NativeBridge'
  # parm0:    rdx:rdx   = long
  # parm1:    rcx:rcx   = 'java/lang/String'
  # parm2:    r8:r8     = 'java/lang/String'
  #           [sp+0x50]  (sp of caller)
  0x00007fc2983ed900: 6690 448b | 5608 443b 

  0x00007fc2983ed908: ;   {runtime_call Shared Runtime ic_miss_blob}
  0x00007fc2983ed908: 5008 0f85 | d0fa 4bff 
[Verified Entry Point]
  0x00007fc2983ed910: 8984 2400 | c0fe ff55 | 488b ec48 | 83ec 4090 | 4181 7f20 | 1700 0000 

  0x00007fc2983ed928: ;   {runtime_call Stub::method_entry_barrier}
  0x00007fc2983ed928: 7405 e831 | 764a ff4c | 8944 2418 | 4983 f800 | 4c8d 4424 | 184c 0f44 | 4424 1848 | 894c 2410 
  0x00007fc2983ed948: 4883 f900 | 488d 4c24 | 1048 0f44 | 4c24 1048 | 8934 2448 | 83fe 0048 | 8d34 2448 | 0f44 3424 
  0x00007fc2983ed968: ;   {internal_word}
  0x00007fc2983ed968: c5f8 7749 | ba68 d93e | 98c2 7f00 | 004d 8997 | 8804 0000 | 4989 a780 | 0400 0049 | 8dbf a004 
  0x00007fc2983ed988: 0000 41c7 | 872c 0500 | 0004 0000 

  0x00007fc2983ed994: ;   {runtime_call _RNvNtCs2EdTVE1zLKy_15edgememo_qdrant3jni27native_create_payload_index}
  0x00007fc2983ed994: 00e8 a6d8 | 46b5 c5f8 | 7741 c787 | 2c05 0000 | 0500 0000 | f083 4424 | c000 493b | 6f28 0f87 
  0x00007fc2983ed9b4: 0e00 0000 | 4183 bf28 | 0500 0000 | 0f84 1c00 | 0000 c5f8 | 7749 8bff | 4c8b e448 | 83ec 0048 
  0x00007fc2983ed9d4: ;   {runtime_call JavaThread::check_special_condition_for_native_trans(JavaThread*)}
  0x00007fc2983ed9d4: 83e4 f0e8 | d413 8516 | 498b e44d | 33e4 41c7 | 872c 0500 | 0008 0000 | 0041 83bf | a805 0000 
  0x00007fc2983ed9f4: 020f 8459 | 0000 0049 | c787 8004 | 0000 0000 | 0000 49c7 | 8788 0400 | 0000 0000 | 00c5 f877 
  0x00007fc2983eda14: 498b 8f10 | 0500 00c7 | 8100 0100 | 0000 0000 

  0x00007fc2983eda24: ;   {poll_return}
  0x00007fc2983eda24: 00c9 41f6 | 4728 0174 

  0x00007fc2983eda2c: ;   {internal_word}
  0x00007fc2983eda2c: 1649 ba26 | da3e 98c2 | 7f00 004d | 8997 3805 

  0x00007fc2983eda3c: ;   {runtime_call SafepointBlob}
  0x00007fc2983eda3c: 0000 e91d | 1e4c ff49 | 837f 0800 | 0f85 0100 

  0x00007fc2983eda4c: ;   {runtime_call Stub::forward_exception}
  0x00007fc2983eda4c: 0000 c3e9 | 8c24 47ff | c5f8 774c | 8be4 4883 | ec00 4883 

  0x00007fc2983eda60: ;   {runtime_call SharedRuntime::reguard_yellow_pages()}
  0x00007fc2983eda60: e4f0 e8a9 | 42d6 1649 | 8be4 4d33 | e4eb 8cf4 
[/MachCode]


Compiled method (c1) 21593 10677   !   3       com.example.EdgeMemo.data.local.record.QdrantEdgeRecordStore::createIndexIfNeeded (69 bytes)
 total in heap  [0x00007fc290542888,0x00007fc2905431a8] = 2336
 main code      [0x00007fc290542980,0x00007fc2905430f8] = 1912
 stub code      [0x00007fc2905430f8,0x00007fc290543188] = 144
 oops           [0x00007fc290543188,0x00007fc2905431a8] = 32
 mutable data [0x00007fc2482ee3e0,0x00007fc2482ee4d0] = 240
 relocation     [0x00007fc2482ee3e0,0x00007fc2482ee4b0] = 208
 metadata       [0x00007fc2482ee4b0,0x00007fc2482ee4d0] = 32
 immutable data [0x00007fc24829bb10,0x00007fc24829bce0] = 464
 dependencies   [0x00007fc24829bb10,0x00007fc24829bb20] = 16
 nul chk table  [0x00007fc24829bb20,0x00007fc24829bb30] = 16
 handler table  [0x00007fc24829bb30,0x00007fc24829bb48] = 24
 scopes pcs     [0x00007fc24829bb48,0x00007fc24829bc28] = 224
 scopes data    [0x00007fc24829bc28,0x00007fc24829bce0] = 184

[Constant Pool (empty)]

[MachCode]
[Instructions begin]
  0x00007fc290542980: 6666 660f | 1f84 0000 | 0000 0066 | 6666 9066 | 6690 448b | 5608 443b 

  0x00007fc290542998: ;   {runtime_call Shared Runtime ic_miss_blob}
  0x00007fc290542998: 5008 0f85 | 40aa 3607 
[Verified Entry Point]
  0x00007fc2905429a0: 8984 2400 | c0fe ff55 | 4881 ec80 | 0000 0090 | 4181 7f20 | 1700 0000 

  0x00007fc2905429b8: ;   {runtime_call Stub::method_entry_barrier}
  0x00007fc2905429b8: 7405 e8a1 

  0x00007fc2905429bc: ;   {metadata(method data for {method} {0x00007fc2631b77f0} 'createIndexIfNeeded' '(JLjava/lang/String;Ljava/lang/String;)V' in 'com/example/EdgeMemo/data/local/record/QdrantEdgeRecordStore')}
  0x00007fc2905429bc: 2535 0748 | bff0 fb56 | 24c2 7f00 | 008b 9f90 | 0000 0083 | c302 899f | 9000 0000 | 81e3 fe07 
  0x00007fc2905429dc: 0000 85db | 0f84 3d06 

  0x00007fc2905429e4: ;   {oop(a 'com/example/EdgeMemo/native/qdrant/NativeBridge'{0x00000000e145eb28})}
  0x00007fc2905429e4: 0000 48be | 28eb 45e1 | 0000 0000 

  0x00007fc2905429f0: ;   {metadata(method data for {method} {0x00007fc2631b77f0} 'createIndexIfNeeded' '(JLjava/lang/String;Ljava/lang/String;)V' in 'com/example/EdgeMemo/data/local/record/QdrantEdgeRecordStore')}
  0x00007fc2905429f0: 488b fe48 | bbf0 fb56 | 24c2 7f00 | 008b 7f08 | 41ba 0000 | 002a 4903 | fa48 3bbb | e000 0000 
  0x00007fc290542a10: 750d 4883 | 83e8 0000 | 0001 e960 | 0000 0048 | 3bbb f000 | 0000 750d | 4883 83f8 | 0000 0001 
  0x00007fc290542a30: e94a 0000 | 0048 83bb | e000 0000 | 0075 1748 | 89bb e000 | 0000 48c7 | 83e8 0000 | 0001 0000 
  0x00007fc290542a50: 00e9 2900 | 0000 4883 | bbf0 0000 | 0000 7517 | 4889 bbf0 | 0000 0048 | c783 f800 | 0000 0100 
  0x00007fc290542a70: 0000 e908 | 0000 0048 | 8383 d800 

  0x00007fc290542a7c: ;   {optimized virtual_call}
  0x00007fc290542a7c: 0000 01e8 

  0x00007fc290542a80: ; ImmutableOopMap {}
                      ;*invokevirtual nativeCreatePayloadIndex {reexecute=0 rethrow=0 return_oop=0}
                      ; - com.example.EdgeMemo.data.local.record.QdrantEdgeRecordStore::createIndexIfNeeded@8 (line 125)
  0x00007fc290542a80: 8cae ea07 

  0x00007fc290542a84: ;   {post_call_nop}
  0x00007fc290542a84: 0f1f 8400 | fc01 0000 | e965 0500 | 0049 8b87 | e005 0000 | 4d33 d24d | 8997 e005 | 0000 4d33 
  0x00007fc290542aa4: d24d 8997 | e805 0000 

  0x00007fc290542aac: ;   {metadata(method data for {method} {0x00007fc2631b77f0} 'createIndexIfNeeded' '(JLjava/lang/String;Ljava/lang/String;)V' in 'com/example/EdgeMemo/data/local/record/QdrantEdgeRecordStore')}
  0x00007fc290542aac: 488b f048 | bff0 fb56 | 24c2 7f00 | 008b 7608 | 41ba 0000 | 002a 4903 | f248 3bb7 | 2801 0000 
  0x00007fc290542acc: 750d 4883 | 8730 0100 | 0001 e960 | 0000 0048 | 3bb7 3801 | 0000 750d | 4883 8740 | 0100 0001 
  0x00007fc290542aec: e94a 0000 | 0048 83bf | 2801 0000 | 0075 1748 | 89b7 2801 | 0000 48c7 | 8730 0100 | 0001 0000 
  0x00007fc290542b0c: 00e9 2900 | 0000 4883 | bf38 0100 | 0000 7517 | 4889 b738 | 0100 0048 | c787 4001 | 0000 0100 
  0x00007fc290542b2c: 0000 e908 | 0000 0048 | 8387 2001 | 0000 0148 | 8bf0 4889 | 4424 6066 | 9048 b8e0 | 9d29 48c2 
  0x00007fc290542b4c: ;   {virtual_call}
  0x00007fc290542b4c: 7f00 00e8 

  0x00007fc290542b50: ; ImmutableOopMap {[96]=Oop }
                      ;*invokevirtual getMessage {reexecute=0 rethrow=0 return_oop=0}
                      ; - com.example.EdgeMemo.data.local.record.QdrantEdgeRecordStore::createIndexIfNeeded@18 (line 128)
  0x00007fc290542b50: 8cae 3607 

  0x00007fc290542b54: ;   {post_call_nop}
  0x00007fc290542b54: 0f1f 8400 | cc02 0001 

  0x00007fc290542b5c: ;   {metadata(method data for {method} {0x00007fc2631b77f0} 'createIndexIfNeeded' '(JLjava/lang/String;Ljava/lang/String;)V' in 'com/example/EdgeMemo/data/local/record/QdrantEdgeRecordStore')}
  0x00007fc290542b5c: 4885 c048 | bef0 fb56 | 24c2 7f00 | 00ba 5001 | 0000 7405 | ba60 0100 | 0048 8b0c | 1648 8d49 
  0x00007fc290542b7c: 0148 890c | 160f 84dd | 0200 0048 | 3b00 488b 

  0x00007fc290542b8c: ;   {metadata(method data for {method} {0x00007fc2631b77f0} 'createIndexIfNeeded' '(JLjava/lang/String;Ljava/lang/String;)V' in 'com/example/EdgeMemo/data/local/record/QdrantEdgeRecordStore')}
  0x00007fc290542b8c: f048 baf0 | fb56 24c2 | 7f00 008b | 7608 41ba | 0000 002a | 4903 f248 | 3bb2 7801 | 0000 750d 
  0x00007fc290542bac: 4883 8280 | 0100 0001 | e960 0000 | 0048 3bb2 | 8801 0000 | 750d 4883 | 8290 0100 | 0001 e94a 
  0x00007fc290542bcc: 0000 0048 | 83ba 7801 | 0000 0075 | 1748 89b2 | 7801 0000 | 48c7 8280 | 0100 0001 | 0000 00e9 
  0x00007fc290542bec: 2900 0000 | 4883 ba88 | 0100 0000 | 7517 4889 | b288 0100 | 0048 c782 | 9001 0000 | 0100 0000 
  0x00007fc290542c0c: e908 0000 | 0048 8382 | 7001 0000 

  0x00007fc290542c18: ;   {metadata(method data for {method} {0x000000002a498db8} 'toLowerCase' '(Ljava/util/Locale;)Ljava/lang/String;' in 'java/lang/String')}
  0x00007fc290542c18: 0148 be50 | 4e06 60c2 | 7f00 008b | 9690 0000 | 0083 c202 | 8996 9000 | 0000 81e2 | feff 1f00 
  0x00007fc290542c38: 85d2 0f84 | 0904 0000 

  0x00007fc290542c40: ;   {metadata(method data for {method} {0x000000002a498db8} 'toLowerCase' '(Ljava/util/Locale;)Ljava/lang/String;' in 'java/lang/String')}
  0x00007fc290542c40: 488b f048 | ba50 4e06 | 60c2 7f00 | 008b 7608 | 41ba 0000 | 002a 4903 | f248 3bb2 | e000 0000 
  0x00007fc290542c60: 750d 4883 | 82e8 0000 | 0001 e960 | 0000 0048 | 3bb2 f000 | 0000 750d | 4883 82f8 | 0000 0001 
  0x00007fc290542c80: e94a 0000 | 0048 83ba | e000 0000 | 0075 1748 | 89b2 e000 | 0000 48c7 | 82e8 0000 | 0001 0000 
  0x00007fc290542ca0: 00e9 2900 | 0000 4883 | baf0 0000 | 0000 7517 | 4889 b2f0 | 0000 0048 | c782 f800 | 0000 0100 
  0x00007fc290542cc0: 0000 e908 | 0000 0048 | 8382 d800 

  0x00007fc290542ccc: ;   {metadata(method data for {method} {0x000000002a499b78} 'isLatin1' '()Z' in 'java/lang/String')}
  0x00007fc290542ccc: 0000 0148 | be08 9900 | 60c2 7f00 | 008b 9690 | 0000 0083 | c202 8996 | 9000 0000 | 81e2 feff 
  0x00007fc290542cec: 1f00 85d2 | 0f84 7403 

  0x00007fc290542cf4: ;   {metadata(method data for {method} {0x000000002a499b78} 'isLatin1' '()Z' in 'java/lang/String')}
  0x00007fc290542cf4: 0000 48be | 0899 0060 | c27f 0000 | ff86 e800 | 0000 0fbe | 7010 85f6 

  0x00007fc290542d0c: ;   {metadata(method data for {method} {0x000000002a499b78} 'isLatin1' '()Z' in 'java/lang/String')}
  0x00007fc290542d0c: 48be 0899 | 0060 c27f | 0000 baf8 | 0000 0075 | 05ba 0801 | 0000 488b | 0c16 488d | 4901 4889 
  0x00007fc290542d2c: 0c16 0f85 | 1a00 0000 

  0x00007fc290542d34: ;   {metadata(method data for {method} {0x000000002a499b78} 'isLatin1' '()Z' in 'java/lang/String')}
  0x00007fc290542d34: 48be 0899 | 0060 c27f | 0000 ff86 | 1801 0000 | be01 0000 | 00e9 0500 | 0000 be00 | 0000 0083 
  0x00007fc290542d54: e601 85f6 

  0x00007fc290542d58: ;   {metadata(method data for {method} {0x000000002a498db8} 'toLowerCase' '(Ljava/util/Locale;)Ljava/lang/String;' in 'java/lang/String')}
  0x00007fc290542d58: 48be 504e | 0660 c27f | 0000 ba08 | 0100 0074 | 05ba 1801 | 0000 488b | 0c16 488d | 4901 4889 
  0x00007fc290542d78: 0c16 0f84 | 4900 0000 

  0x00007fc290542d80: ;   {metadata(method data for {method} {0x000000002a498db8} 'toLowerCase' '(Ljava/util/Locale;)Ljava/lang/String;' in 'java/lang/String')}
  0x00007fc290542d80: 8b50 1448 | be50 4e06 | 60c2 7f00 | 0048 8386 | 2801 0000 

  0x00007fc290542d94: ;   {oop(a 'java/util/Locale'{0x00000000ffbe9b58})}
  0x00007fc290542d94: 0148 b958 | 9bbe ff00 | 0000 0048 | 8bf0 0f1f 

  0x00007fc290542da4: ;   {static_call}
  0x00007fc290542da4: 4400 00e8 

  0x00007fc290542da8: ; ImmutableOopMap {[96]=Oop }
                      ;*invokestatic toLowerCase {reexecute=0 rethrow=0 return_oop=0}
                      ; - java.lang.String::toLowerCase@13 (line 3704)
                      ; - com.example.EdgeMemo.data.local.record.QdrantEdgeRecordStore::createIndexIfNeeded@28 (line 128)
  0x00007fc290542da8: 34af 3607 

  0x00007fc290542dac: ;   {post_call_nop}
  0x00007fc290542dac: 0f1f 8400 | 2405 0002 

  0x00007fc290542db4: ;   {metadata(method data for {method} {0x000000002a498db8} 'toLowerCase' '(Ljava/util/Locale;)Ljava/lang/String;' in 'java/lang/String')}
  0x00007fc290542db4: 48be 504e | 0660 c27f | 0000 ff86 | 3801 0000 | e933 0000 | 008b 5014 

  0x00007fc290542dcc: ;   {metadata(method data for {method} {0x000000002a498db8} 'toLowerCase' '(Ljava/util/Locale;)Ljava/lang/String;' in 'java/lang/String')}
  0x00007fc290542dcc: 48be 504e | 0660 c27f | 0000 4883 | 8650 0100 

  0x00007fc290542ddc: ;   {oop(a 'java/util/Locale'{0x00000000ffbe9b58})}
  0x00007fc290542ddc: 0001 48b9 | 589b beff | 0000 0000 | 488b f00f 

  0x00007fc290542dec: ;   {static_call}
  0x00007fc290542dec: 1f40 00e8 

  0x00007fc290542df0: ; ImmutableOopMap {[96]=Oop }
                      ;*invokestatic toLowerCase {reexecute=0 rethrow=0 return_oop=0}
                      ; - java.lang.String::toLowerCase@25 (line 3705)
                      ; - com.example.EdgeMemo.data.local.record.QdrantEdgeRecordStore::createIndexIfNeeded@28 (line 128)
  0x00007fc290542df0: ecae 3607 

  0x00007fc290542df4: ;   {post_call_nop}
  0x00007fc290542df4: 0f1f 8400 | 6c05 0003 

  0x00007fc290542dfc: ;   {metadata(method data for {method} {0x00007fc2631b77f0} 'createIndexIfNeeded' '(JLjava/lang/String;Ljava/lang/String;)V' in 'com/example/EdgeMemo/data/local/record/QdrantEdgeRecordStore')}
  0x00007fc290542dfc: 48be f0fb | 5624 c27f | 0000 4883 | 86a0 0100 | 0001 488b 

  0x00007fc290542e10: ;   {oop("toLowerCase(...)"{0x00000000e449ad28})}
  0x00007fc290542e10: f048 ba28 | ad49 e400 | 0000 0048 | 8944 2468 | 0f1f 8000 

  0x00007fc290542e24: ;   {static_call}
  0x00007fc290542e24: 0000 00e8 

  0x00007fc290542e28: ; ImmutableOopMap {[96]=Oop [104]=Oop }
                      ;*invokestatic checkNotNullExpressionValue {reexecute=0 rethrow=0 return_oop=0}
                      ; - com.example.EdgeMemo.data.local.record.QdrantEdgeRecordStore::createIndexIfNeeded@34 (line 128)
  0x00007fc290542e28: b4ae 3607 

  0x00007fc290542e2c: ;   {post_call_nop}
  0x00007fc290542e2c: 0f1f 8400 | a405 0004 | 488b 4424 | 6848 85c0 

  0x00007fc290542e3c: ;   {metadata(method data for {method} {0x00007fc2631b77f0} 'createIndexIfNeeded' '(JLjava/lang/String;Ljava/lang/String;)V' in 'com/example/EdgeMemo/data/local/record/QdrantEdgeRecordStore')}
  0x00007fc290542e3c: 48be f0fb | 5624 c27f | 0000 bab0 | 0100 0075 | 05ba c001 | 0000 488b | 0c16 488d | 4901 4889 
  0x00007fc290542e5c: 0c16 0f85 | 0a00 0000 

  0x00007fc290542e64: ;   {oop(""{0x00000000ffe04470})}
  0x00007fc290542e64: 48b8 7044 | e0ff 0000 | 0000 4885 

  0x00007fc290542e70: ;   {metadata(method data for {method} {0x00007fc2631b77f0} 'createIndexIfNeeded' '(JLjava/lang/String;Ljava/lang/String;)V' in 'com/example/EdgeMemo/data/local/record/QdrantEdgeRecordStore')}
  0x00007fc290542e70: c048 b9f0 | fb56 24c2 | 7f00 0075 | 0c80 89c9 | 0100 0001 | e9c1 0000 | 008b 7808 | 41ba 0000 
  0x00007fc290542e90: 002a 4903 | fa48 3bb9 | d801 0000 | 750d 4883 | 81e0 0100 | 0001 e960 | 0000 0048 | 3bb9 e801 
  0x00007fc290542eb0: 0000 750d | 4883 81f0 | 0100 0001 | e94a 0000 | 0048 83b9 | d801 0000 | 0075 1748 | 89b9 d801 
  0x00007fc290542ed0: 0000 48c7 | 81e0 0100 | 0001 0000 | 00e9 2900 | 0000 4883 | b9e8 0100 | 0000 7517 | 4889 b9e8 
  0x00007fc290542ef0: 0100 0048 | c781 f001 | 0000 0100 | 0000 e908 | 0000 0048 | 8381 d001 

  0x00007fc290542f08: ;   {metadata('java/lang/CharSequence')}
  0x00007fc290542f08: 0000 0148 | bf90 6c17 | 2a00 0000 | 008b 4808 | 41ba 0000 | 002a 4903 | ca48 3b79 | 200f 841f 
  0x00007fc290542f28: 0000 0048 | 3bcf 0f84 | 1600 0000 

  0x00007fc290542f34: ;   {runtime_call C1 Runtime slow_subtype_check_blob}
  0x00007fc290542f34: 5157 e825 | 9e43 0759 | 5985 c90f | 8446 0100 | 00e9 0000 | 0000 488b 

  0x00007fc290542f4c: ;   {metadata(method data for {method} {0x00007fc2631b77f0} 'createIndexIfNeeded' '(JLjava/lang/String;Ljava/lang/String;)V' in 'com/example/EdgeMemo/data/local/record/QdrantEdgeRecordStore')}
  0x00007fc290542f4c: f048 baf0 | fb56 24c2 | 7f00 0048 | 8382 3002 

  0x00007fc290542f5c: ;   {metadata(method data for {method} {0x00007fc2606c6618} 'contains$default' '(Ljava/lang/CharSequence;Ljava/lang/CharSequence;ZILjava/lang/Object;)Z' in 'kotlin/text/StringsKt__StringsKt')}
  0x00007fc290542f5c: 0000 0148 | ba30 344e | 24c2 7f00 | 008b 8a90 | 0000 0083 | c102 898a | 9000 0000 | 81e1 feff 
  0x00007fc290542f7c: 1f00 85c9 | 0f84 0e01 

  0x00007fc290542f84: ;   {metadata(method data for {method} {0x00007fc2606c6618} 'contains$default' '(Ljava/lang/CharSequence;Ljava/lang/CharSequence;ZILjava/lang/Object;)Z' in 'kotlin/text/StringsKt__StringsKt')}
  0x00007fc290542f84: 0000 48ba | 3034 4e24 | c27f 0000 | ff82 e800 

  0x00007fc290542f94: ;   {metadata(method data for {method} {0x00007fc2606c6618} 'contains$default' '(Ljava/lang/CharSequence;Ljava/lang/CharSequence;ZILjava/lang/Object;)Z' in 'kotlin/text/StringsKt__StringsKt')}
  0x00007fc290542f94: 0000 48ba | 3034 4e24 | c27f 0000 | 4883 82f8 | 0000 0001 

  0x00007fc290542fa8: ;   {oop("already exists"{0x00000000e44062e8})}
  0x00007fc290542fa8: 48ba e862 | 40e4 0000 | 0000 b900 

  0x00007fc290542fb4: ;   {static_call}
  0x00007fc290542fb4: 0000 00e8 

  0x00007fc290542fb8: ; ImmutableOopMap {[96]=Oop }
                      ;*invokestatic contains {reexecute=0 rethrow=0 return_oop=0}
                      ; - kotlin.text.StringsKt__StringsKt::contains$default@11 (line 1172)
                      ; - com.example.EdgeMemo.data.local.record.QdrantEdgeRecordStore::createIndexIfNeeded@59 (line 129)
  0x00007fc290542fb8: 24ad 3607 

  0x00007fc290542fbc: ;   {post_call_nop}
  0x00007fc290542fbc: 0f1f 8400 | 3407 0005 | 83e0 0185 

  0x00007fc290542fc8: ;   {metadata(method data for {method} {0x00007fc2631b77f0} 'createIndexIfNeeded' '(JLjava/lang/String;Ljava/lang/String;)V' in 'com/example/EdgeMemo/data/local/record/QdrantEdgeRecordStore')}
  0x00007fc290542fc8: c048 b8f0 | fb56 24c2 | 7f00 00be | 4002 0000 | 7505 be50 | 0200 0048 | 8b3c 3048 | 8d7f 0148 
  0x00007fc290542fe8: 893c 300f | 8515 0000 | 00e9 2300 

  0x00007fc290542ff4: ;   {metadata(method data for {method} {0x00007fc2631b77f0} 'createIndexIfNeeded' '(JLjava/lang/String;Ljava/lang/String;)V' in 'com/example/EdgeMemo/data/local/record/QdrantEdgeRecordStore')}
  0x00007fc290542ff4: 0000 48b8 | f0fb 5624 | c27f 0000 | ff80 0801 | 0000 4881 | c480 0000 

  0x00007fc29054300c: ;   {poll_return}
  0x00007fc29054300c: 005d 493b | 6728 0f87 | 9d00 0000 | c348 8b44 | 2460 e9c5 

  0x00007fc290543020: ;   {metadata({method} {0x00007fc2631b77f0} 'createIndexIfNeeded' '(JLjava/lang/String;Ljava/lang/String;)V' in 'com/example/EdgeMemo/data/local/record/QdrantEdgeRecordStore')}
  0x00007fc290543020: 0000 0049 | baf0 771b | 63c2 7f00 | 004c 8954 | 2408 48c7 | 0424 ffff 

  0x00007fc290543038: ;   {runtime_call C1 Runtime counter_overflow_blob}
  0x00007fc290543038: ffff e8a1 

  0x00007fc29054303c: ; ImmutableOopMap {rsi=Oop rcx=Oop r8=Oop }
                      ;*synchronization entry
                      ; - com.example.EdgeMemo.data.local.record.QdrantEdgeRecordStore::createIndexIfNeeded@-1 (line 124)
  0x00007fc29054303c: ce43 07e9 | a2f9 ffff 

  0x00007fc290543044: ;   {runtime_call C1 Runtime throw_null_pointer_exception_blob}
  0x00007fc290543044: e897 6e43 

  0x00007fc290543048: ; ImmutableOopMap {rax=Oop [96]=Oop }
                      ;*invokevirtual toLowerCase {reexecute=0 rethrow=0 return_oop=0}
                      ; - com.example.EdgeMemo.data.local.record.QdrantEdgeRecordStore::createIndexIfNeeded@28 (line 128)
                      ;   {metadata({method} {0x000000002a498db8} 'toLowerCase' '(Ljava/util/Locale;)Ljava/lang/String;' in 'java/lang/String')}
  0x00007fc290543048: 0749 bab8 | 8d49 2a00 | 0000 004c | 8954 2408 | 48c7 0424 | ffff ffff 

  0x00007fc290543060: ;   {runtime_call C1 Runtime counter_overflow_blob}
  0x00007fc290543060: e87b ce43 

  0x00007fc290543064: ; ImmutableOopMap {rax=Oop [96]=Oop }
                      ;*synchronization entry
                      ; - java.lang.String::toLowerCase@-1 (line 3704)
                      ; - com.example.EdgeMemo.data.local.record.QdrantEdgeRecordStore::createIndexIfNeeded@28 (line 128)
  0x00007fc290543064: 07e9 d6fb 

  0x00007fc290543068: ;   {metadata({method} {0x000000002a499b78} 'isLatin1' '()Z' in 'java/lang/String')}
  0x00007fc290543068: ffff 49ba | 789b 492a | 0000 0000 | 4c89 5424 | 0848 c704 | 24ff ffff 

  0x00007fc290543080: ;   {runtime_call C1 Runtime counter_overflow_blob}
  0x00007fc290543080: ffe8 5ace 

  0x00007fc290543084: ; ImmutableOopMap {rax=Oop [96]=Oop }
                      ;*synchronization entry
                      ; - java.lang.String::isLatin1@-1 (line 4893)
                      ; - java.lang.String::toLowerCase@1 (line 3704)
                      ; - com.example.EdgeMemo.data.local.record.QdrantEdgeRecordStore::createIndexIfNeeded@28 (line 128)
  0x00007fc290543084: 4307 e96b | fcff ff48 

  0x00007fc29054308c: ;   {runtime_call C1 Runtime throw_class_cast_exception_blob}
  0x00007fc29054308c: 8904 24e8 

  0x00007fc290543090: ; ImmutableOopMap {[96]=Oop }
                      ;*checkcast {reexecute=0 rethrow=0 return_oop=0}
                      ; - com.example.EdgeMemo.data.local.record.QdrantEdgeRecordStore::createIndexIfNeeded@48 (line 129)
  0x00007fc290543090: cc96 4307 

  0x00007fc290543094: ;   {metadata({method} {0x00007fc2606c6618} 'contains$default' '(Ljava/lang/CharSequence;Ljava/lang/CharSequence;ZILjava/lang/Object;)Z' in 'kotlin/text/StringsKt__StringsKt')}
  0x00007fc290543094: 49ba 1866 | 6c60 c27f | 0000 4c89 | 5424 0848 | c704 24ff 

  0x00007fc2905430a8: ;   {runtime_call C1 Runtime counter_overflow_blob}
  0x00007fc2905430a8: ffff ffe8 

  0x00007fc2905430ac: ; ImmutableOopMap {rsi=Oop [96]=Oop }
                      ;*synchronization entry
                      ; - kotlin.text.StringsKt__StringsKt::contains$default@-1 (line 1172)
                      ; - com.example.EdgeMemo.data.local.record.QdrantEdgeRecordStore::createIndexIfNeeded@59 (line 129)
  0x00007fc2905430ac: 30ce 4307 | e9d1 feff 

  0x00007fc2905430b4: ;   {internal_word}
  0x00007fc2905430b4: ff49 ba0e | 3054 90c2 | 7f00 004d | 8997 3805 

  0x00007fc2905430c4: ;   {runtime_call SafepointBlob}
  0x00007fc2905430c4: 0000 e995 | c736 0749 | 8b87 e005 | 0000 49c7 | 87e0 0500 | 0000 0000 | 0049 c787 | e805 0000 
  0x00007fc2905430e4: 0000 0000 | 4881 c480 | 0000 005d 

  0x00007fc2905430f0: ;   {runtime_call C1 Runtime unwind_exception_blob}
  0x00007fc2905430f0: e96b 5a43 | 07f4 f4f4 
[Stub Code]
  0x00007fc2905430f8: ;   {other}
  0x00007fc2905430f8: 0f1f 4400 

  0x00007fc2905430fc: ;   {static_stub}
  0x00007fc2905430fc: 0048 bb00 | 0000 0000 

  0x00007fc290543104: ;   {runtime_call nmethod}
  0x00007fc290543104: 0000 00e9 | fbff ffff 

  0x00007fc29054310c: ;   {static_stub}
  0x00007fc29054310c: 48bb 0000 | 0000 0000 

  0x00007fc290543114: ;   {runtime_call nmethod}
  0x00007fc290543114: 0000 e9fb 

  0x00007fc290543118: ;   {static_stub}
  0x00007fc290543118: ffff ff48 | bb00 0000 | 0000 0000 

  0x00007fc290543124: ;   {runtime_call nmethod}
  0x00007fc290543124: 00e9 fbff 

  0x00007fc290543128: ;   {static_stub}
  0x00007fc290543128: ffff 48bb | 0000 0000 | 0000 0000 

  0x00007fc290543134: ;   {runtime_call nmethod}
  0x00007fc290543134: e9fb ffff 

  0x00007fc290543138: ;   {static_stub}
  0x00007fc290543138: ff48 bb00 | 0000 0000 

  0x00007fc290543140: ;   {runtime_call nmethod}
  0x00007fc290543140: 0000 00e9 | fbff ffff 

  0x00007fc290543148: ;   {static_stub}
  0x00007fc290543148: 48bb 0000 | 0000 0000 

  0x00007fc290543150: ;   {runtime_call nmethod}
  0x00007fc290543150: 0000 e9fb 

  0x00007fc290543154: ;   {runtime_call C1 Runtime handle_exception_from_callee_blob}
  0x00007fc290543154: ffff ffe8 | 0490 4307 

  0x00007fc29054315c: ;   {external_word}
  0x00007fc29054315c: 48bf 3c97 | 57af c27f | 0000 4883 

  0x00007fc290543168: ;   {runtime_call MacroAssembler::debug64(char*, long, long*)}
  0x00007fc290543168: e4f0 e851 | 94a0 1ef4 
[Deopt Handler Code]
  0x00007fc290543170: ;   {section_word}
  0x00007fc290543170: 49ba 7031 | 5490 c27f | 0000 4152 

  0x00007fc29054317c: ;   {runtime_call DeoptimizationBlob}
  0x00007fc29054317c: e9df c936 | 07f4 f4f4 | f4f4 f4f4 
[/MachCode]


Compiled method (c1) 21599 10676       3       com.example.EdgeMemo.data.local.record.QdrantEdgeRecordStore::access$createIndexIfNeeded (9 bytes)
 total in heap  [0x00007fc290c5cb88,0x00007fc290c5cda8] = 544
 main code      [0x00007fc290c5cc80,0x00007fc290c5cd60] = 224
 stub code      [0x00007fc290c5cd60,0x00007fc290c5cda0] = 64
 oops           [0x00007fc290c5cda0,0x00007fc290c5cda8] = 8
 mutable data [0x00007fc2840e5ae0,0x00007fc2840e5b28] = 72
 relocation     [0x00007fc2840e5ae0,0x00007fc2840e5b20] = 64
 metadata       [0x00007fc2840e5b20,0x00007fc2840e5b28] = 8
 immutable data [0x00007fc2840c1e30,0x00007fc2840c1ec0] = 144
 dependencies   [0x00007fc2840c1e30,0x00007fc2840c1e38] = 8
 nul chk table  [0x00007fc2840c1e38,0x00007fc2840c1e48] = 16
 scopes pcs     [0x00007fc2840c1e48,0x00007fc2840c1e98] = 80
 scopes data    [0x00007fc2840c1e98,0x00007fc2840c1ec0] = 40

[Constant Pool (empty)]

[MachCode]
[Verified Entry Point]
  # {method} {0x00007fc2631bbd68} 'access$createIndexIfNeeded' '(Lcom/example/EdgeMemo/data/local/record/QdrantEdgeRecordStore;JLjava/lang/String;Ljava/lang/String;)V' in 'com/example/EdgeMemo/data/local/record/QdrantEdgeRecordStore'
  # parm0:    rsi:rsi   = 'com/example/EdgeMemo/data/local/record/QdrantEdgeRecordStore'
  # parm1:    rdx:rdx   = long
  # parm2:    rcx:rcx   = 'java/lang/String'
  # parm3:    r8:r8     = 'java/lang/String'
  #           [sp+0x50]  (sp of caller)
  0x00007fc290c5cc80: 8984 2400 | c0fe ff55 | 4883 ec40 | 4181 7f20 | 1700 0000 

  0x00007fc290c5cc94: ;   {runtime_call Stub::method_entry_barrier}
  0x00007fc290c5cc94: 7405 e8c5 

  0x00007fc290c5cc98: ;   {metadata(method data for {method} {0x00007fc2631bbd68} 'access$createIndexIfNeeded' '(Lcom/example/EdgeMemo/data/local/record/QdrantEdgeRecordStore;JLjava/lang/String;Ljava/lang/String;)V' in 'com/example/EdgeMemo/data/local/record/QdrantEdgeRecordStore')}
  0x00007fc290c5cc98: 82c3 0648 | bf00 f856 | 24c2 7f00 | 008b 9f90 | 0000 0083 | c302 899f | 9000 0000 | 81e3 fe07 
  0x00007fc290c5ccb8: 0000 85db | 0f84 3a00 | 0000 483b | 0648 8bfe 

  0x00007fc290c5ccc8: ;   {metadata(method data for {method} {0x00007fc2631bbd68} 'access$createIndexIfNeeded' '(Lcom/example/EdgeMemo/data/local/record/QdrantEdgeRecordStore;JLjava/lang/String;Ljava/lang/String;)V' in 'com/example/EdgeMemo/data/local/record/QdrantEdgeRecordStore')}
  0x00007fc290c5ccc8: 48bb 00f8 | 5624 c27f | 0000 4883 | 83d8 0000 | 0001 0f1f 

  0x00007fc290c5ccdc: ;   {optimized virtual_call}
  0x00007fc290c5ccdc: 4400 00e8 

  0x00007fc290c5cce0: ; ImmutableOopMap {}
                      ;*invokespecial createIndexIfNeeded {reexecute=0 rethrow=0 return_oop=0}
                      ; - com.example.EdgeMemo.data.local.record.QdrantEdgeRecordStore::access$createIndexIfNeeded@5 (line 20)
  0x00007fc290c5cce0: bc5c 8eff 

  0x00007fc290c5cce4: ;   {post_call_nop}
  0x00007fc290c5cce4: 0f1f 8400 | 5c01 0000 | 4883 c440 

  0x00007fc290c5ccf0: ;   {poll_return}
  0x00007fc290c5ccf0: 5d49 3b67 | 280f 8724 | 0000 00c3 

  0x00007fc290c5ccfc: ;   {metadata({method} {0x00007fc2631bbd68} 'access$createIndexIfNeeded' '(Lcom/example/EdgeMemo/data/local/record/QdrantEdgeRecordStore;JLjava/lang/String;Ljava/lang/String;)V' in 'com/example/EdgeMemo/data/local/record/QdrantEdgeRecordStore')}
  0x00007fc290c5ccfc: 49ba 68bd | 1b63 c27f | 0000 4c89 | 5424 0848 | c704 24ff 

  0x00007fc290c5cd10: ;   {runtime_call C1 Runtime counter_overflow_blob}
  0x00007fc290c5cd10: ffff ffe8 

  0x00007fc290c5cd14: ; ImmutableOopMap {rsi=Oop rcx=Oop r8=Oop }
                      ;*synchronization entry
                      ; - com.example.EdgeMemo.data.local.record.QdrantEdgeRecordStore::access$createIndexIfNeeded@-1
  0x00007fc290c5cd14: c831 d206 

  0x00007fc290c5cd18: ;   {runtime_call C1 Runtime throw_null_pointer_exception_blob}
  0x00007fc290c5cd18: eba8 e8c1 

  0x00007fc290c5cd1c: ; ImmutableOopMap {rsi=Oop rcx=Oop r8=Oop }
                      ;*invokespecial createIndexIfNeeded {reexecute=0 rethrow=0 return_oop=0}
                      ; - com.example.EdgeMemo.data.local.record.QdrantEdgeRecordStore::access$createIndexIfNeeded@5 (line 20)
                      ;   {internal_word}
  0x00007fc290c5cd1c: d1d1 0649 | baf1 ccc5 | 90c2 7f00 | 004d 8997 | 3805 0000 

  0x00007fc290c5cd30: ;   {runtime_call SafepointBlob}
  0x00007fc290c5cd30: e92b 2bc5 | 0649 8b87 | e005 0000 | 49c7 87e0 | 0500 0000 | 0000 0049 | c787 e805 | 0000 0000 
  0x00007fc290c5cd50: 0000 4883 

  0x00007fc290c5cd54: ;   {runtime_call C1 Runtime unwind_exception_blob}
  0x00007fc290c5cd54: c440 5de9 | 04be d106 | f4f4 f4f4 
[Stub Code]
  0x00007fc290c5cd60: ;   {static_stub}
  0x00007fc290c5cd60: 48bb 0000 | 0000 0000 

  0x00007fc290c5cd68: ;   {runtime_call nmethod}
  0x00007fc290c5cd68: 0000 e9fb 

  0x00007fc290c5cd6c: ;   {runtime_call C1 Runtime handle_exception_from_callee_blob}
  0x00007fc290c5cd6c: ffff ffe8 | ecf3 d106 

  0x00007fc290c5cd74: ;   {external_word}
  0x00007fc290c5cd74: 48bf 3c97 | 57af c27f | 0000 4883 

  0x00007fc290c5cd80: ;   {runtime_call MacroAssembler::debug64(char*, long, long*)}
  0x00007fc290c5cd80: e4f0 e839 | f82e 1ef4 
[Deopt Handler Code]
  0x00007fc290c5cd88: ;   {section_word}
  0x00007fc290c5cd88: 49ba 88cd | c590 c27f | 0000 4152 

  0x00007fc290c5cd94: ;   {runtime_call DeoptimizationBlob}
  0x00007fc290c5cd94: e9c7 2dc5 | 06f4 f4f4 | f4f4 f4f4 
[/MachCode]


---------------  P R O C E S S  ---------------

Threads class SMR info:
_java_thread_list=0x00007fc25d8e1b80, length=37, elements={
0x00007fc2a8032410, 0x00007fc2a8139a30, 0x00007fc2a813aa70, 0x00007fc2a813bfa0,
0x00007fc2a813d8c0, 0x00007fc2a813f140, 0x00007fc2a8140fc0, 0x00007fc2a81429b0,
0x00007fc2500b7bb0, 0x00007fc2a8189990, 0x00007fc2a818bdc0, 0x00007fc2a866f540,
0x00007fc2a8682430, 0x00007fc2a8687390, 0x00007fc2a874d0b0, 0x00007fc2a8724250,
0x00007fc2a885fe40, 0x00007fc2481ef930, 0x00007fc25d4818a0, 0x00007fc230248ee0,
0x00007fc23c148c20, 0x00007fc23813dc50, 0x00007fc25d70ff70, 0x00007fc25d710820,
0x00007fc2400c3b20, 0x00007fc25470aec0, 0x00007fc25d748a10, 0x00007fc25d74a4d0,
0x00007fc25d74b820, 0x00007fc2401d6e60, 0x00007fc2401e6b20, 0x00007fc25d76f700,
0x00007fc254710110, 0x00007fc25d8e3050, 0x00007fc25d8dfb30, 0x00007fc25d8e6b80,
0x00007fc25d85ba00
}

Java Threads: ( => current thread )
  0x00007fc2a8032410 JavaThread "Test worker"                       [_thread_blocked, id=75146, stack(0x00007fc2ae100000,0x00007fc2ae200000) (1024K)]
  0x00007fc2a8139a30 JavaThread "Reference Handler"          daemon [_thread_blocked, id=75158, stack(0x00007fc280cee000,0x00007fc280dee000) (1024K)]
  0x00007fc2a813aa70 JavaThread "Finalizer"                  daemon [_thread_blocked, id=75159, stack(0x00007fc280aec000,0x00007fc280bec000) (1024K)]
  0x00007fc2a813bfa0 JavaThread "Signal Dispatcher"          daemon [_thread_blocked, id=75160, stack(0x00007fc280500000,0x00007fc280600000) (1024K)]
  0x00007fc2a813d8c0 JavaThread "Service Thread"             daemon [_thread_blocked, id=75161, stack(0x00007fc2803ff000,0x00007fc2804ff000) (1024K)]
  0x00007fc2a813f140 JavaThread "Monitor Deflation Thread"   daemon [_thread_blocked, id=75162, stack(0x00007fc2802fe000,0x00007fc2803fe000) (1024K)]
  0x00007fc2a8140fc0 JavaThread "C2 CompilerThread0"         daemon [_thread_blocked, id=75163, stack(0x00007fc2801fd000,0x00007fc2802fd000) (1024K)]
  0x00007fc2a81429b0 JavaThread "C1 CompilerThread0"         daemon [_thread_blocked, id=75164, stack(0x00007fc2800fc000,0x00007fc2801fc000) (1024K)]
  0x00007fc2500b7bb0 JavaThread "C1 CompilerThread1"         daemon [_thread_blocked, id=75165, stack(0x00007fc24ff00000,0x00007fc250000000) (1024K)]
  0x00007fc2a8189990 JavaThread "Notification Thread"        daemon [_thread_blocked, id=75167, stack(0x00007fc24fcfe000,0x00007fc24fdfe000) (1024K)]
  0x00007fc2a818bdc0 JavaThread "Common-Cleaner"             daemon [_thread_blocked, id=75168, stack(0x00007fc24fbfd000,0x00007fc24fcfd000) (1024K)]
  0x00007fc2a866f540 JavaThread "/127.0.0.1:33712 to /127.0.0.1:45523 workers"        [_thread_blocked, id=75178, stack(0x00007fc24f7f9000,0x00007fc24f8f9000) (1024K)]
  0x00007fc2a8682430 JavaThread "/127.0.0.1:33712 to /127.0.0.1:45523 workers Thread 2"        [_thread_blocked, id=75179, stack(0x00007fc24f6f8000,0x00007fc24f7f8000) (1024K)]
  0x00007fc2a8687390 JavaThread "/127.0.0.1:33712 to /127.0.0.1:45523 workers Thread 3"        [_thread_in_native, id=75180, stack(0x00007fc24f5f7000,0x00007fc24f6f7000) (1024K)]
  0x00007fc2a874d0b0 JavaThread "DefaultDispatcher-worker-1" daemon [_thread_blocked, id=75182, stack(0x00007fc24f4f6000,0x00007fc24f5f6000) (1024K)]
  0x00007fc2a8724250 JavaThread "DefaultDispatcher-worker-2" daemon [_thread_blocked, id=75183, stack(0x00007fc24f3f5000,0x00007fc24f4f5000) (1024K)]
  0x00007fc2a885fe40 JavaThread "SDK 35 Main Thread @coroutine#1618"        [_thread_blocked, id=75191, stack(0x00007fc24ebed000,0x00007fc24eced000) (1024K)]
  0x00007fc2481ef930 JavaThread "C1 CompilerThread2"         daemon [_thread_blocked, id=75223, stack(0x00007fc24c8fc000,0x00007fc24c9fc000) (1024K)]
  0x00007fc25d4818a0 JavaThread "WM.task-1"                         [_thread_blocked, id=75243, stack(0x00007fc22d300000,0x00007fc22d400000) (1024K)]
  0x00007fc230248ee0 JavaThread "WM.task-2"                         [_thread_blocked, id=75244, stack(0x00007fc22cf00000,0x00007fc22d000000) (1024K)]
  0x00007fc23c148c20 JavaThread "WM.task-3"                         [_thread_blocked, id=75245, stack(0x00007fc22cdff000,0x00007fc22ceff000) (1024K)]
  0x00007fc23813dc50 JavaThread "WM.task-4"                         [_thread_blocked, id=75246, stack(0x00007fc22ccfe000,0x00007fc22cdfe000) (1024K)]
=>0x00007fc25d70ff70 JavaThread "DefaultDispatcher-worker-1 @coroutine#1619" daemon [_thread_in_native, id=75247, stack(0x00007fc22cbfd000,0x00007fc22ccfd000) (1024K)]
  0x00007fc25d710820 JavaThread "DefaultDispatcher-worker-2" daemon [_thread_blocked, id=75248, stack(0x00007fc22cafc000,0x00007fc22cbfc000) (1024K)]
  0x00007fc2400c3b20 JavaThread "DefaultDispatcher-worker-3" daemon [_thread_blocked, id=75249, stack(0x00007fc22c9fb000,0x00007fc22cafb000) (1024K)]
  0x00007fc25470aec0 JavaThread "C1 CompilerThread3"         daemon [_thread_blocked, id=75560, stack(0x00007fc222ef9000,0x00007fc2230f9000) (2048K)]
  0x00007fc25d748a10 JavaThread "arch_disk_io_0"                    [_thread_blocked, id=75561, stack(0x00007fc21cbc9000,0x00007fc21cdc9000) (2048K)]
  0x00007fc25d74a4d0 JavaThread "arch_disk_io_1"                    [_thread_blocked, id=75562, stack(0x00007fc21e1d4000,0x00007fc21e3d4000) (2048K)]
  0x00007fc25d74b820 JavaThread "arch_disk_io_2"                    [_thread_blocked, id=75563, stack(0x00007fc21c7c7000,0x00007fc21c9c7000) (2048K)]
  0x00007fc2401d6e60 JavaThread "arch_disk_io_3"             daemon [_thread_blocked, id=75662, stack(0x00007fc2180a3000,0x00007fc2181a3000) (1024K)]
  0x00007fc2401e6b20 JavaThread "DefaultDispatcher-worker-4" daemon [_thread_blocked, id=78307, stack(0x00007fc21c9c8000,0x00007fc21cbc8000) (2048K)]
  0x00007fc25d76f700 JavaThread "process reaper"             daemon [_thread_blocked, id=79691, stack(0x00007fc2ac011000,0x00007fc2ac033000) (136K)]
  0x00007fc254710110 JavaThread "Keep-Alive-Timer"           daemon [_thread_blocked, id=85161, stack(0x00007fc1f6dbb000,0x00007fc1f6ebb000) (1024K)]
  0x00007fc25d8e3050 JavaThread "idle-timeout-task"          daemon [_thread_blocked, id=93412, stack(0x00007fc216c99000,0x00007fc216e99000) (2048K)]
  0x00007fc25d8dfb30 JavaThread "HTTP-Dispatcher"                   [_thread_in_native, id=93413, stack(0x00007fc21bdc2000,0x00007fc21bfc2000) (2048K)]
  0x00007fc25d8e6b80 JavaThread "idle-timeout-task"          daemon [_thread_blocked, id=93608, stack(0x00007fc21508b000,0x00007fc21528b000) (2048K)]
  0x00007fc25d85ba00 JavaThread "HTTP-Dispatcher"                   [_thread_in_native, id=93609, stack(0x00007fc1f52ad000,0x00007fc1f53ad000) (1024K)]
Total: 37

Other Threads:
  0x00007fc2a812fca0 VMThread "VM Thread"                           [id=75157, stack(0x00007fc280bed000,0x00007fc280ced000) (1024K)]
  0x00007fc2a811f120 WatcherThread "VM Periodic Task Thread"        [id=75156, stack(0x00007fc2809eb000,0x00007fc280aeb000) (1024K)]
  0x00007fc2a8067d60 WorkerThread "GC Thread#0"                     [id=75147, stack(0x00007fc2aca1c000,0x00007fc2acb1c000) (1024K)]
  0x00007fc26c00ae00 WorkerThread "GC Thread#1"                     [id=75184, stack(0x00007fc24f2f4000,0x00007fc24f3f4000) (1024K)]
  0x00007fc26c00bb00 WorkerThread "GC Thread#2"                     [id=75185, stack(0x00007fc24f1f3000,0x00007fc24f2f3000) (1024K)]
  0x00007fc26c00c840 WorkerThread "GC Thread#3"                     [id=75186, stack(0x00007fc24f0f2000,0x00007fc24f1f2000) (1024K)]
  0x00007fc26c00d580 WorkerThread "GC Thread#4"                     [id=75187, stack(0x00007fc24eff1000,0x00007fc24f0f1000) (1024K)]
  0x00007fc26c00e2c0 WorkerThread "GC Thread#5"                     [id=75188, stack(0x00007fc24eef0000,0x00007fc24eff0000) (1024K)]
  0x00007fc26c00f000 WorkerThread "GC Thread#6"                     [id=75189, stack(0x00007fc24edef000,0x00007fc24eeef000) (1024K)]
  0x00007fc26c00fd40 WorkerThread "GC Thread#7"                     [id=75190, stack(0x00007fc24ecee000,0x00007fc24edee000) (1024K)]
  0x00007fc26c013f70 WorkerThread "GC Thread#8"                     [id=75214, stack(0x00007fc24fafc000,0x00007fc24fbfc000) (1024K)]
  0x00007fc26c012cc0 WorkerThread "GC Thread#9"                     [id=75215, stack(0x00007fc24f9fb000,0x00007fc24fafb000) (1024K)]
  0x00007fc26c017c40 WorkerThread "GC Thread#10"                    [id=75216, stack(0x00007fc24fdff000,0x00007fc24feff000) (1024K)]
  0x00007fc26c0185f0 WorkerThread "GC Thread#11"                    [id=75217, stack(0x00007fc24f8fa000,0x00007fc24f9fa000) (1024K)]
  0x00007fc26c018f40 WorkerThread "GC Thread#12"                    [id=75218, stack(0x00007fc24eaec000,0x00007fc24ebec000) (1024K)]
  0x00007fc26c022a00 WorkerThread "GC Thread#13"                    [id=75224, stack(0x00007fc24c300000,0x00007fc24c400000) (1024K)]
  0x00007fc26c0236d0 WorkerThread "GC Thread#14"                    [id=75225, stack(0x00007fc24c1ff000,0x00007fc24c2ff000) (1024K)]
  0x00007fc26c0243e0 WorkerThread "GC Thread#15"                    [id=75226, stack(0x00007fc24c0fe000,0x00007fc24c1fe000) (1024K)]
  0x00007fc26c0250f0 WorkerThread "GC Thread#16"                    [id=75227, stack(0x00007fc22ff00000,0x00007fc230000000) (1024K)]
  0x00007fc26c025e00 WorkerThread "GC Thread#17"                    [id=75228, stack(0x00007fc22ef00000,0x00007fc22f000000) (1024K)]
  0x00007fc2a806f580 ConcurrentGCThread "G1 Main Marker"            [id=75148, stack(0x00007fc2ac100000,0x00007fc2ac200000) (1024K)]
  0x00007fc2a80706b0 WorkerThread "G1 Conc#0"                       [id=75149, stack(0x00007fc2902ff000,0x00007fc2903ff000) (1024K)]
  0x00007fc284000ce0 WorkerThread "G1 Conc#1"                       [id=75219, stack(0x00007fc24cd00000,0x00007fc24ce00000) (1024K)]
  0x00007fc284001880 WorkerThread "G1 Conc#2"                       [id=75220, stack(0x00007fc24cbff000,0x00007fc24ccff000) (1024K)]
  0x00007fc284002480 WorkerThread "G1 Conc#3"                       [id=75221, stack(0x00007fc24cafe000,0x00007fc24cbfe000) (1024K)]
  0x00007fc284003080 WorkerThread "G1 Conc#4"                       [id=75222, stack(0x00007fc24c9fd000,0x00007fc24cafd000) (1024K)]
  0x00007fc2a81091e0 ConcurrentGCThread "G1 Refine#0"               [id=75150, stack(0x00007fc280ef0000,0x00007fc280ff0000) (1024K)]
  0x00007fc2a810a300 ConcurrentGCThread "G1 Service"                [id=75151, stack(0x00007fc280def000,0x00007fc280eef000) (1024K)]
Total: 28

Threads with active compile tasks:
Total: 0

VM state: not at safepoint (normal execution)

VM Mutex/Monitor currently owned by a thread: None

Heap address: 0x00000000e0000000, size: 512 MB, Compressed Oops mode: 32-bit

CDS archive(s) mapped at: [0x000000002a000000-0x000000002ad95000-0x000000002ad95000), size 14241792, SharedBaseAddress: 0x000000002a000000, ArchiveRelocationMode: 1.
Compressed class space mapped at: 0x000000002b000000-0x000000006b000000, reserved size: 1073741824
UseCompressedClassPointers 1, UseCompactObjectHeaders 0
Narrow klass pointer bits 32, Max shift 3
Narrow klass base: 0x000000002a000000, Narrow klass shift: 0
Encoding Range: [0x000000002a000000 - 0x000000012a000000), (4294967296 bytes)
Klass Range:    [0x000000002a001000 - 0x000000006b000000), (1090514944 bytes)
Klass ID Range:  [4096 - 1090519033) (1090514937)
Protection zone: [0x000000002a000000 - 0x000000002a001000), (4096 bytes)

GC Precious Log:
 CardTable entry size: 512
 Card Set container configuration: InlinePtr #cards 5 size 8 Array Of Cards #cards 10 size 36 Howl #buckets 4 coarsen threshold 1843 Howl Bitmap #cards 512 size 80 coarsen threshold 460 Card regions per heap region 1 cards per card region 2048
 CPUs: 24 total, 24 available
 Memory: 15684M
 Large Page Support: Disabled
 NUMA Support: Disabled
 Compressed Oops: Enabled (32-bit)
 Heap Region Size: 1M
 Heap Min Capacity: 8M
 Heap Initial Capacity: 246M
 Heap Max Capacity: 512M
 Pre-touch: Disabled
 Parallel Workers: 18
 Concurrent Workers: 5
 Concurrent Refinement Workers: 18
 Periodic GC: Disabled

Heap:
 garbage-first heap   total reserved 524288K, committed 158720K, used 123670K [0x00000000e0000000, 0x0000000100000000)
  region size 1024K, 37 young (37888K), 5 survivors (5120K)

Heap Regions: E=young(eden), S=young(survivor), O=old, HS=humongous(starts), HC=humongous(continues), CS=collection set, F=free, TAMS=top-at-mark-start, PB=parsable bottom
|   0|0x00000000e0000000, 0x00000000e0100000, 0x00000000e0100000|100%|HS|  |TAMS 0x00000000e0000000| PB 0x00000000e0000000| Complete |  0
|   1|0x00000000e0100000, 0x00000000e0200000, 0x00000000e0200000|100%|HS|  |TAMS 0x00000000e0100000| PB 0x00000000e0100000| Complete |  0
|   2|0x00000000e0200000, 0x00000000e0300000, 0x00000000e0300000|100%| O|  |TAMS 0x00000000e0200000| PB 0x00000000e0200000| Untracked |  0
|   3|0x00000000e0300000, 0x00000000e0400000, 0x00000000e0400000|100%| O|  |TAMS 0x00000000e0300000| PB 0x00000000e0300000| Untracked |  0
|   4|0x00000000e0400000, 0x00000000e0500000, 0x00000000e0500000|100%| O|  |TAMS 0x00000000e0400000| PB 0x00000000e0400000| Untracked |  0
|   5|0x00000000e0500000, 0x00000000e0600000, 0x00000000e0600000|100%| O|  |TAMS 0x00000000e0500000| PB 0x00000000e0500000| Untracked |  0
|   6|0x00000000e0600000, 0x00000000e0700000, 0x00000000e0700000|100%| O|  |TAMS 0x00000000e0600000| PB 0x00000000e0600000| Untracked |  0
|   7|0x00000000e0700000, 0x00000000e0800000, 0x00000000e0800000|100%| O|  |TAMS 0x00000000e0700000| PB 0x00000000e0700000| Untracked |  0
|   8|0x00000000e0800000, 0x00000000e0900000, 0x00000000e0900000|100%| O|  |TAMS 0x00000000e0800000| PB 0x00000000e0800000| Untracked |  0
|   9|0x00000000e0900000, 0x00000000e0a00000, 0x00000000e0a00000|100%| O|  |TAMS 0x00000000e0900000| PB 0x00000000e0900000| Untracked |  0
|  10|0x00000000e0a00000, 0x00000000e0b00000, 0x00000000e0b00000|100%|HS|  |TAMS 0x00000000e0a00000| PB 0x00000000e0a00000| Complete |  0
|  11|0x00000000e0b00000, 0x00000000e0c00000, 0x00000000e0c00000|100%|HC|  |TAMS 0x00000000e0b00000| PB 0x00000000e0b00000| Complete |  0
|  12|0x00000000e0c00000, 0x00000000e0d00000, 0x00000000e0d00000|100%|HC|  |TAMS 0x00000000e0c00000| PB 0x00000000e0c00000| Complete |  0
|  13|0x00000000e0d00000, 0x00000000e0e00000, 0x00000000e0e00000|100%|HC|  |TAMS 0x00000000e0d00000| PB 0x00000000e0d00000| Complete |  0
|  14|0x00000000e0e00000, 0x00000000e0f00000, 0x00000000e0f00000|100%|HC|  |TAMS 0x00000000e0e00000| PB 0x00000000e0e00000| Complete |  0
|  15|0x00000000e0f00000, 0x00000000e1000000, 0x00000000e1000000|100%|HC|  |TAMS 0x00000000e0f00000| PB 0x00000000e0f00000| Complete |  0
|  16|0x00000000e1000000, 0x00000000e1100000, 0x00000000e1100000|100%|HC|  |TAMS 0x00000000e1000000| PB 0x00000000e1000000| Complete |  0
|  17|0x00000000e1100000, 0x00000000e1200000, 0x00000000e1200000|100%| O|  |TAMS 0x00000000e1100000| PB 0x00000000e1100000| Untracked |  0
|  18|0x00000000e1200000, 0x00000000e1300000, 0x00000000e1300000|100%| O|  |TAMS 0x00000000e1200000| PB 0x00000000e1200000| Untracked |  0
|  19|0x00000000e1300000, 0x00000000e1400000, 0x00000000e1400000|100%| O|  |TAMS 0x00000000e1300000| PB 0x00000000e1300000| Untracked |  0
|  20|0x00000000e1400000, 0x00000000e1500000, 0x00000000e1500000|100%| O|  |TAMS 0x00000000e1400000| PB 0x00000000e1400000| Untracked |  0
|  21|0x00000000e1500000, 0x00000000e1600000, 0x00000000e1600000|100%| O|  |TAMS 0x00000000e1500000| PB 0x00000000e1500000| Untracked |  0
|  22|0x00000000e1600000, 0x00000000e1600000, 0x00000000e1700000|  0%| F|  |TAMS 0x00000000e1600000| PB 0x00000000e1600000| Untracked |  0
|  23|0x00000000e1700000, 0x00000000e1800000, 0x00000000e1800000|100%| O|  |TAMS 0x00000000e1700000| PB 0x00000000e1700000| Untracked |  0
|  24|0x00000000e1800000, 0x00000000e1900000, 0x00000000e1900000|100%| O|  |TAMS 0x00000000e1800000| PB 0x00000000e1800000| Untracked |  0
|  25|0x00000000e1900000, 0x00000000e1a00000, 0x00000000e1a00000|100%| O|  |TAMS 0x00000000e1900000| PB 0x00000000e1900000| Untracked |  0
|  26|0x00000000e1a00000, 0x00000000e1b00000, 0x00000000e1b00000|100%| O|  |TAMS 0x00000000e1a00000| PB 0x00000000e1a00000| Untracked |  0
|  27|0x00000000e1b00000, 0x00000000e1c00000, 0x00000000e1c00000|100%| O|  |TAMS 0x00000000e1b00000| PB 0x00000000e1b00000| Untracked |  0
|  28|0x00000000e1c00000, 0x00000000e1d00000, 0x00000000e1d00000|100%| O|  |TAMS 0x00000000e1c00000| PB 0x00000000e1c00000| Untracked |  0
|  29|0x00000000e1d00000, 0x00000000e1e00000, 0x00000000e1e00000|100%| O|  |TAMS 0x00000000e1d00000| PB 0x00000000e1d00000| Untracked |  0
|  30|0x00000000e1e00000, 0x00000000e1f00000, 0x00000000e1f00000|100%| O|  |TAMS 0x00000000e1e00000| PB 0x00000000e1e00000| Untracked |  0
|  31|0x00000000e1f00000, 0x00000000e2000000, 0x00000000e2000000|100%| O|  |TAMS 0x00000000e1f00000| PB 0x00000000e1f00000| Untracked |  0
|  32|0x00000000e2000000, 0x00000000e2100000, 0x00000000e2100000|100%| O|  |TAMS 0x00000000e2000000| PB 0x00000000e2000000| Untracked |  0
|  33|0x00000000e2100000, 0x00000000e2200000, 0x00000000e2200000|100%| O|  |TAMS 0x00000000e2100000| PB 0x00000000e2100000| Untracked |  0
|  34|0x00000000e2200000, 0x00000000e2300000, 0x00000000e2300000|100%| O|  |TAMS 0x00000000e2200000| PB 0x00000000e2200000| Untracked |  0
|  35|0x00000000e2300000, 0x00000000e2400000, 0x00000000e2400000|100%| O|  |TAMS 0x00000000e2300000| PB 0x00000000e2300000| Untracked |  0
|  36|0x00000000e2400000, 0x00000000e2500000, 0x00000000e2500000|100%| O|  |TAMS 0x00000000e2400000| PB 0x00000000e2400000| Untracked |  0
|  37|0x00000000e2500000, 0x00000000e2600000, 0x00000000e2600000|100%|HS|  |TAMS 0x00000000e2500000| PB 0x00000000e2500000| Complete |  0
|  38|0x00000000e2600000, 0x00000000e2700000, 0x00000000e2700000|100%|HS|  |TAMS 0x00000000e2600000| PB 0x00000000e2600000| Complete |  0
|  39|0x00000000e2700000, 0x00000000e2800000, 0x00000000e2800000|100%|HS|  |TAMS 0x00000000e2700000| PB 0x00000000e2700000| Complete |  0
|  40|0x00000000e2800000, 0x00000000e2900000, 0x00000000e2900000|100%|HC|  |TAMS 0x00000000e2800000| PB 0x00000000e2800000| Complete |  0
|  41|0x00000000e2900000, 0x00000000e2a00000, 0x00000000e2a00000|100%|HC|  |TAMS 0x00000000e2900000| PB 0x00000000e2900000| Complete |  0
|  42|0x00000000e2a00000, 0x00000000e2b00000, 0x00000000e2b00000|100%|HC|  |TAMS 0x00000000e2a00000| PB 0x00000000e2a00000| Complete |  0
|  43|0x00000000e2b00000, 0x00000000e2c00000, 0x00000000e2c00000|100%|HC|  |TAMS 0x00000000e2b00000| PB 0x00000000e2b00000| Complete |  0
|  44|0x00000000e2c00000, 0x00000000e2d00000, 0x00000000e2d00000|100%|HC|  |TAMS 0x00000000e2c00000| PB 0x00000000e2c00000| Complete |  0
|  45|0x00000000e2d00000, 0x00000000e2e00000, 0x00000000e2e00000|100%|HC|  |TAMS 0x00000000e2d00000| PB 0x00000000e2d00000| Complete |  0
|  46|0x00000000e2e00000, 0x00000000e2f00000, 0x00000000e2f00000|100%|HC|  |TAMS 0x00000000e2e00000| PB 0x00000000e2e00000| Complete |  0
|  47|0x00000000e2f00000, 0x00000000e3000000, 0x00000000e3000000|100%|HC|  |TAMS 0x00000000e2f00000| PB 0x00000000e2f00000| Complete |  0
|  48|0x00000000e3000000, 0x00000000e3100000, 0x00000000e3100000|100%|HC|  |TAMS 0x00000000e3000000| PB 0x00000000e3000000| Complete |  0
|  49|0x00000000e3100000, 0x00000000e3200000, 0x00000000e3200000|100%|HC|  |TAMS 0x00000000e3100000| PB 0x00000000e3100000| Complete |  0
|  50|0x00000000e3200000, 0x00000000e3300000, 0x00000000e3300000|100%|HC|  |TAMS 0x00000000e3200000| PB 0x00000000e3200000| Complete |  0
|  51|0x00000000e3300000, 0x00000000e3400000, 0x00000000e3400000|100%|HC|  |TAMS 0x00000000e3300000| PB 0x00000000e3300000| Complete |  0
|  52|0x00000000e3400000, 0x00000000e3500000, 0x00000000e3500000|100%|HC|  |TAMS 0x00000000e3400000| PB 0x00000000e3400000| Complete |  0
|  53|0x00000000e3500000, 0x00000000e3600000, 0x00000000e3600000|100%|HC|  |TAMS 0x00000000e3500000| PB 0x00000000e3500000| Complete |  0
|  54|0x00000000e3600000, 0x00000000e3700000, 0x00000000e3700000|100%|HC|  |TAMS 0x00000000e3600000| PB 0x00000000e3600000| Complete |  0
|  55|0x00000000e3700000, 0x00000000e3700000, 0x00000000e3800000|  0%| F|  |TAMS 0x00000000e3700000| PB 0x00000000e3700000| Untracked |  0
|  56|0x00000000e3800000, 0x00000000e3900000, 0x00000000e3900000|100%| O|  |TAMS 0x00000000e3800000| PB 0x00000000e3800000| Untracked |  0
|  57|0x00000000e3900000, 0x00000000e3a00000, 0x00000000e3a00000|100%| O|  |TAMS 0x00000000e3900000| PB 0x00000000e3900000| Untracked |  0
|  58|0x00000000e3a00000, 0x00000000e3b00000, 0x00000000e3b00000|100%| O|  |TAMS 0x00000000e3a00000| PB 0x00000000e3a00000| Untracked |  0
|  59|0x00000000e3b00000, 0x00000000e3c00000, 0x00000000e3c00000|100%| O|  |TAMS 0x00000000e3b00000| PB 0x00000000e3b00000| Untracked |  0
|  60|0x00000000e3c00000, 0x00000000e3d00000, 0x00000000e3d00000|100%| O|  |TAMS 0x00000000e3c00000| PB 0x00000000e3c00000| Untracked |  0
|  61|0x00000000e3d00000, 0x00000000e3e00000, 0x00000000e3e00000|100%| O|  |TAMS 0x00000000e3d00000| PB 0x00000000e3d00000| Untracked |  0
|  62|0x00000000e3e00000, 0x00000000e3f00000, 0x00000000e3f00000|100%| O|  |TAMS 0x00000000e3e00000| PB 0x00000000e3e00000| Untracked |  0
|  63|0x00000000e3f00000, 0x00000000e4000000, 0x00000000e4000000|100%| O|  |TAMS 0x00000000e3f00000| PB 0x00000000e3f00000| Untracked |  0
|  64|0x00000000e4000000, 0x00000000e4100000, 0x00000000e4100000|100%| O|  |TAMS 0x00000000e4000000| PB 0x00000000e4000000| Untracked |  0
|  65|0x00000000e4100000, 0x00000000e4200000, 0x00000000e4200000|100%| O|  |TAMS 0x00000000e4100000| PB 0x00000000e4100000| Untracked |  0
|  66|0x00000000e4200000, 0x00000000e4300000, 0x00000000e4300000|100%| O|  |TAMS 0x00000000e4200000| PB 0x00000000e4200000| Untracked |  0
|  67|0x00000000e4300000, 0x00000000e4400000, 0x00000000e4400000|100%| O|  |TAMS 0x00000000e4300000| PB 0x00000000e4300000| Untracked |  0
|  68|0x00000000e4400000, 0x00000000e4500000, 0x00000000e4500000|100%| O|  |TAMS 0x00000000e4400000| PB 0x00000000e4400000| Untracked |  0
|  69|0x00000000e4500000, 0x00000000e4600000, 0x00000000e4600000|100%| O|  |TAMS 0x00000000e4500000| PB 0x00000000e4500000| Untracked |  0
|  70|0x00000000e4600000, 0x00000000e4700000, 0x00000000e4700000|100%| O|  |TAMS 0x00000000e4600000| PB 0x00000000e4600000| Untracked |  0
|  71|0x00000000e4700000, 0x00000000e4800000, 0x00000000e4800000|100%| O|  |TAMS 0x00000000e4700000| PB 0x00000000e4700000| Untracked |  0
|  72|0x00000000e4800000, 0x00000000e4900000, 0x00000000e4900000|100%| O|  |TAMS 0x00000000e4800000| PB 0x00000000e4800000| Untracked |  0
|  73|0x00000000e4900000, 0x00000000e49ba300, 0x00000000e4a00000| 72%| O|  |TAMS 0x00000000e4900000| PB 0x00000000e4900000| Untracked |  0
|  74|0x00000000e4a00000, 0x00000000e4a00000, 0x00000000e4b00000|  0%| F|  |TAMS 0x00000000e4a00000| PB 0x00000000e4a00000| Untracked |  0
|  75|0x00000000e4b00000, 0x00000000e4b00000, 0x00000000e4c00000|  0%| F|  |TAMS 0x00000000e4b00000| PB 0x00000000e4b00000| Untracked |  0
|  76|0x00000000e4c00000, 0x00000000e4c00000, 0x00000000e4d00000|  0%| F|  |TAMS 0x00000000e4c00000| PB 0x00000000e4c00000| Untracked |  0
|  77|0x00000000e4d00000, 0x00000000e4d00000, 0x00000000e4e00000|  0%| F|  |TAMS 0x00000000e4d00000| PB 0x00000000e4d00000| Untracked |  0
|  78|0x00000000e4e00000, 0x00000000e4e00000, 0x00000000e4f00000|  0%| F|  |TAMS 0x00000000e4e00000| PB 0x00000000e4e00000| Untracked |  0
|  79|0x00000000e4f00000, 0x00000000e5000000, 0x00000000e5000000|100%| O|  |TAMS 0x00000000e4f00000| PB 0x00000000e4f00000| Untracked |  0
|  80|0x00000000e5000000, 0x00000000e5100000, 0x00000000e5100000|100%| O|  |TAMS 0x00000000e5000000| PB 0x00000000e5000000| Untracked |  0
|  81|0x00000000e5100000, 0x00000000e5100000, 0x00000000e5200000|  0%| F|  |TAMS 0x00000000e5100000| PB 0x00000000e5100000| Untracked |  0
|  82|0x00000000e5200000, 0x00000000e5200000, 0x00000000e5300000|  0%| F|  |TAMS 0x00000000e5200000| PB 0x00000000e5200000| Untracked |  0
|  83|0x00000000e5300000, 0x00000000e5300000, 0x00000000e5400000|  0%| F|  |TAMS 0x00000000e5300000| PB 0x00000000e5300000| Untracked |  0
|  84|0x00000000e5400000, 0x00000000e5400000, 0x00000000e5500000|  0%| F|  |TAMS 0x00000000e5400000| PB 0x00000000e5400000| Untracked |  0
|  85|0x00000000e5500000, 0x00000000e5500000, 0x00000000e5600000|  0%| F|  |TAMS 0x00000000e5500000| PB 0x00000000e5500000| Untracked |  0
|  86|0x00000000e5600000, 0x00000000e560b670, 0x00000000e5700000|  4%| S|CS|TAMS 0x00000000e5600000| PB 0x00000000e5600000| Complete |  0
|  87|0x00000000e5700000, 0x00000000e5800000, 0x00000000e5800000|100%| S|CS|TAMS 0x00000000e5700000| PB 0x00000000e5700000| Complete |  0
|  88|0x00000000e5800000, 0x00000000e5900000, 0x00000000e5900000|100%| S|CS|TAMS 0x00000000e5800000| PB 0x00000000e5800000| Complete |  0
|  89|0x00000000e5900000, 0x00000000e5a00000, 0x00000000e5a00000|100%| S|CS|TAMS 0x00000000e5900000| PB 0x00000000e5900000| Complete |  0
|  90|0x00000000e5a00000, 0x00000000e5b00000, 0x00000000e5b00000|100%| S|CS|TAMS 0x00000000e5a00000| PB 0x00000000e5a00000| Complete |  0
|  91|0x00000000e5b00000, 0x00000000e5b00000, 0x00000000e5c00000|  0%| F|  |TAMS 0x00000000e5b00000| PB 0x00000000e5b00000| Untracked |  0
|  92|0x00000000e5c00000, 0x00000000e5c00000, 0x00000000e5d00000|  0%| F|  |TAMS 0x00000000e5c00000| PB 0x00000000e5c00000| Untracked |  0
|  93|0x00000000e5d00000, 0x00000000e5d00000, 0x00000000e5e00000|  0%| F|  |TAMS 0x00000000e5d00000| PB 0x00000000e5d00000| Untracked |  0
|  94|0x00000000e5e00000, 0x00000000e5e00000, 0x00000000e5f00000|  0%| F|  |TAMS 0x00000000e5e00000| PB 0x00000000e5e00000| Untracked |  0
|  95|0x00000000e5f00000, 0x00000000e5f00000, 0x00000000e6000000|  0%| F|  |TAMS 0x00000000e5f00000| PB 0x00000000e5f00000| Untracked |  0
|  96|0x00000000e6000000, 0x00000000e6000000, 0x00000000e6100000|  0%| F|  |TAMS 0x00000000e6000000| PB 0x00000000e6000000| Untracked |  0
|  97|0x00000000e6100000, 0x00000000e6100000, 0x00000000e6200000|  0%| F|  |TAMS 0x00000000e6100000| PB 0x00000000e6100000| Untracked |  0
|  98|0x00000000e6200000, 0x00000000e6200000, 0x00000000e6300000|  0%| F|  |TAMS 0x00000000e6200000| PB 0x00000000e6200000| Untracked |  0
|  99|0x00000000e6300000, 0x00000000e6300000, 0x00000000e6400000|  0%| F|  |TAMS 0x00000000e6300000| PB 0x00000000e6300000| Untracked |  0
| 100|0x00000000e6400000, 0x00000000e6400000, 0x00000000e6500000|  0%| F|  |TAMS 0x00000000e6400000| PB 0x00000000e6400000| Untracked |  0
| 101|0x00000000e6500000, 0x00000000e6500000, 0x00000000e6600000|  0%| F|  |TAMS 0x00000000e6500000| PB 0x00000000e6500000| Untracked |  0
| 102|0x00000000e6600000, 0x00000000e6600000, 0x00000000e6700000|  0%| F|  |TAMS 0x00000000e6600000| PB 0x00000000e6600000| Untracked |  0
| 103|0x00000000e6700000, 0x00000000e6700000, 0x00000000e6800000|  0%| F|  |TAMS 0x00000000e6700000| PB 0x00000000e6700000| Untracked |  0
| 104|0x00000000e6800000, 0x00000000e6800000, 0x00000000e6900000|  0%| F|  |TAMS 0x00000000e6800000| PB 0x00000000e6800000| Untracked |  0
| 105|0x00000000e6900000, 0x00000000e6900000, 0x00000000e6a00000|  0%| F|  |TAMS 0x00000000e6900000| PB 0x00000000e6900000| Untracked |  0
| 106|0x00000000e6a00000, 0x00000000e6a00000, 0x00000000e6b00000|  0%| F|  |TAMS 0x00000000e6a00000| PB 0x00000000e6a00000| Untracked |  0
| 107|0x00000000e6b00000, 0x00000000e6b00000, 0x00000000e6c00000|  0%| F|  |TAMS 0x00000000e6b00000| PB 0x00000000e6b00000| Untracked |  0
| 108|0x00000000e6c00000, 0x00000000e6c00000, 0x00000000e6d00000|  0%| F|  |TAMS 0x00000000e6c00000| PB 0x00000000e6c00000| Untracked |  0
| 109|0x00000000e6d00000, 0x00000000e6d00000, 0x00000000e6e00000|  0%| F|  |TAMS 0x00000000e6d00000| PB 0x00000000e6d00000| Untracked |  0
| 110|0x00000000e6e00000, 0x00000000e6e8e838, 0x00000000e6f00000| 55%| E|  |TAMS 0x00000000e6e00000| PB 0x00000000e6e00000| Complete |  0
| 111|0x00000000e6f00000, 0x00000000e7000000, 0x00000000e7000000|100%| E|CS|TAMS 0x00000000e6f00000| PB 0x00000000e6f00000| Complete |  0
| 112|0x00000000e7000000, 0x00000000e7100000, 0x00000000e7100000|100%| E|CS|TAMS 0x00000000e7000000| PB 0x00000000e7000000| Complete |  0
| 113|0x00000000e7100000, 0x00000000e7200000, 0x00000000e7200000|100%| E|CS|TAMS 0x00000000e7100000| PB 0x00000000e7100000| Complete |  0
| 114|0x00000000e7200000, 0x00000000e7300000, 0x00000000e7300000|100%| E|CS|TAMS 0x00000000e7200000| PB 0x00000000e7200000| Complete |  0
| 115|0x00000000e7300000, 0x00000000e7400000, 0x00000000e7400000|100%| E|CS|TAMS 0x00000000e7300000| PB 0x00000000e7300000| Complete |  0
| 116|0x00000000e7400000, 0x00000000e7500000, 0x00000000e7500000|100%| E|CS|TAMS 0x00000000e7400000| PB 0x00000000e7400000| Complete |  0
| 117|0x00000000e7500000, 0x00000000e7600000, 0x00000000e7600000|100%| E|CS|TAMS 0x00000000e7500000| PB 0x00000000e7500000| Complete |  0
| 118|0x00000000e7600000, 0x00000000e7700000, 0x00000000e7700000|100%| E|CS|TAMS 0x00000000e7600000| PB 0x00000000e7600000| Complete |  0
| 119|0x00000000e7700000, 0x00000000e7800000, 0x00000000e7800000|100%| E|CS|TAMS 0x00000000e7700000| PB 0x00000000e7700000| Complete |  0
| 120|0x00000000e7800000, 0x00000000e7900000, 0x00000000e7900000|100%| E|CS|TAMS 0x00000000e7800000| PB 0x00000000e7800000| Complete |  0
| 121|0x00000000e7900000, 0x00000000e7a00000, 0x00000000e7a00000|100%| E|  |TAMS 0x00000000e7900000| PB 0x00000000e7900000| Complete |  0
| 122|0x00000000e7a00000, 0x00000000e7b00000, 0x00000000e7b00000|100%| E|CS|TAMS 0x00000000e7a00000| PB 0x00000000e7a00000| Complete |  0
| 153|0x00000000e9900000, 0x00000000e9a00000, 0x00000000e9a00000|100%| E|CS|TAMS 0x00000000e9900000| PB 0x00000000e9900000| Complete |  0
| 154|0x00000000e9a00000, 0x00000000e9b00000, 0x00000000e9b00000|100%| E|CS|TAMS 0x00000000e9a00000| PB 0x00000000e9a00000| Complete |  0
| 155|0x00000000e9b00000, 0x00000000e9c00000, 0x00000000e9c00000|100%| E|CS|TAMS 0x00000000e9b00000| PB 0x00000000e9b00000| Complete |  0
| 156|0x00000000e9c00000, 0x00000000e9d00000, 0x00000000e9d00000|100%| E|CS|TAMS 0x00000000e9c00000| PB 0x00000000e9c00000| Complete |  0
| 157|0x00000000e9d00000, 0x00000000e9e00000, 0x00000000e9e00000|100%| E|CS|TAMS 0x00000000e9d00000| PB 0x00000000e9d00000| Complete |  0
| 158|0x00000000e9e00000, 0x00000000e9f00000, 0x00000000e9f00000|100%| E|CS|TAMS 0x00000000e9e00000| PB 0x00000000e9e00000| Complete |  0
| 159|0x00000000e9f00000, 0x00000000ea000000, 0x00000000ea000000|100%| E|CS|TAMS 0x00000000e9f00000| PB 0x00000000e9f00000| Complete |  0
| 160|0x00000000ea000000, 0x00000000ea100000, 0x00000000ea100000|100%| E|CS|TAMS 0x00000000ea000000| PB 0x00000000ea000000| Complete |  0
| 161|0x00000000ea100000, 0x00000000ea200000, 0x00000000ea200000|100%| E|CS|TAMS 0x00000000ea100000| PB 0x00000000ea100000| Complete |  0
| 162|0x00000000ea200000, 0x00000000ea300000, 0x00000000ea300000|100%| E|CS|TAMS 0x00000000ea200000| PB 0x00000000ea200000| Complete |  0
| 163|0x00000000ea300000, 0x00000000ea400000, 0x00000000ea400000|100%| E|CS|TAMS 0x00000000ea300000| PB 0x00000000ea300000| Complete |  0
| 164|0x00000000ea400000, 0x00000000ea500000, 0x00000000ea500000|100%| E|CS|TAMS 0x00000000ea400000| PB 0x00000000ea400000| Complete |  0
| 165|0x00000000ea500000, 0x00000000ea600000, 0x00000000ea600000|100%| E|CS|TAMS 0x00000000ea500000| PB 0x00000000ea500000| Complete |  0
| 245|0x00000000ef500000, 0x00000000ef600000, 0x00000000ef600000|100%| E|CS|TAMS 0x00000000ef500000| PB 0x00000000ef500000| Complete |  0
| 494|0x00000000fee00000, 0x00000000fef00000, 0x00000000fef00000|100%| O|  |TAMS 0x00000000fee00000| PB 0x00000000fee00000| Untracked |  0
| 495|0x00000000fef00000, 0x00000000ff000000, 0x00000000ff000000|100%| E|CS|TAMS 0x00000000fef00000| PB 0x00000000fef00000| Complete |  0
| 496|0x00000000ff000000, 0x00000000ff100000, 0x00000000ff100000|100%| E|CS|TAMS 0x00000000ff000000| PB 0x00000000ff000000| Complete |  0
| 497|0x00000000ff100000, 0x00000000ff200000, 0x00000000ff200000|100%| E|CS|TAMS 0x00000000ff100000| PB 0x00000000ff100000| Complete |  0
| 498|0x00000000ff200000, 0x00000000ff300000, 0x00000000ff300000|100%| O|  |TAMS 0x00000000ff200000| PB 0x00000000ff200000| Untracked |  0
| 499|0x00000000ff300000, 0x00000000ff400000, 0x00000000ff400000|100%| O|  |TAMS 0x00000000ff300000| PB 0x00000000ff300000| Untracked |  0
| 500|0x00000000ff400000, 0x00000000ff500000, 0x00000000ff500000|100%| O|  |TAMS 0x00000000ff400000| PB 0x00000000ff400000| Untracked |  0
| 501|0x00000000ff500000, 0x00000000ff600000, 0x00000000ff600000|100%| O|  |TAMS 0x00000000ff500000| PB 0x00000000ff500000| Untracked |  0
| 502|0x00000000ff600000, 0x00000000ff700000, 0x00000000ff700000|100%| O|  |TAMS 0x00000000ff600000| PB 0x00000000ff600000| Untracked |  0
| 503|0x00000000ff700000, 0x00000000ff800000, 0x00000000ff800000|100%| O|  |TAMS 0x00000000ff700000| PB 0x00000000ff700000| Untracked |  0
| 504|0x00000000ff800000, 0x00000000ff900000, 0x00000000ff900000|100%| O|  |TAMS 0x00000000ff800000| PB 0x00000000ff800000| Untracked |  0
| 505|0x00000000ff900000, 0x00000000ffa00000, 0x00000000ffa00000|100%| E|CS|TAMS 0x00000000ff900000| PB 0x00000000ff900000| Complete |  0
| 506|0x00000000ffa00000, 0x00000000ffb00000, 0x00000000ffb00000|100%| O|  |TAMS 0x00000000ffa00000| PB 0x00000000ffa00000| Untracked |  0
| 507|0x00000000ffb00000, 0x00000000ffc00000, 0x00000000ffc00000|100%| O|  |TAMS 0x00000000ffb00000| PB 0x00000000ffb00000| Untracked |  0
| 508|0x00000000ffc00000, 0x00000000ffd00000, 0x00000000ffd00000|100%| O|  |TAMS 0x00000000ffc00000| PB 0x00000000ffc00000| Untracked |  0
| 509|0x00000000ffd00000, 0x00000000ffe00000, 0x00000000ffe00000|100%| O|  |TAMS 0x00000000ffd00000| PB 0x00000000ffd00000| Untracked |  0
| 510|0x00000000ffe00000, 0x00000000fff00000, 0x00000000fff00000|100%| O|  |TAMS 0x00000000ffe00000| PB 0x00000000ffe00000| Untracked |  0
| 511|0x00000000fff00000, 0x0000000100000000, 0x0000000100000000|100%| E|CS|TAMS 0x00000000fff00000| PB 0x00000000fff00000| Complete |  0

Card table byte_map: [0x00007fc2acb1c000,0x00007fc2acc1c000] _byte_map_base: 0x00007fc2ac41c000

Marking Bits: (CMBitMap*) 0x00007fc2a80689e0
 Bits: [0x00007fc2ac200000, 0x00007fc2aca00000)

Polling page: 0x00007fc2afef5000

Metaspace:
Metaspace        used 82749K, committed 87168K, reserved 1179648K
 class space     used 8438K, committed 10432K, reserved 1048576K

Usage:
  Non-class:     72.57 MB used.
      Class:      8.24 MB used.
       Both:     80.81 MB used.

Virtual space:
  Non-class space:      128.00 MB reserved,      74.94 MB ( 59%) committed,  2 nodes.
      Class space:        1.00 GB reserved,      10.19 MB ( <1%) committed,  1 nodes.
             Both:        1.12 GB reserved,      85.12 MB (  7%) committed. 

Chunk freelists:
   Non-Class:  4.97 MB
       Class:  5.77 MB
        Both:  10.73 MB

MaxMetaspaceSize: unlimited
CompressedClassSpaceSize: 1.00 GB
Initial GC threshold: 21.00 MB
Current GC threshold: 140.44 MB
CDS: on
 - commit_granule_bytes: 65536.
 - commit_granule_words: 8192.
 - virtual_space_node_default_size: 8388608.
 - enlarge_chunks_in_place: 1.
UseCompressedClassPointers 1, UseCompactObjectHeaders 0
Narrow klass pointer bits 32, Max shift 3
Narrow klass base: 0x000000002a000000, Narrow klass shift: 0
Encoding Range: [0x000000002a000000 - 0x000000012a000000), (4294967296 bytes)
Klass Range:    [0x000000002a001000 - 0x000000006b000000), (1090514944 bytes)
Klass ID Range:  [4096 - 1090519033) (1090514937)
Protection zone: [0x000000002a000000 - 0x000000002a001000), (4096 bytes)


Internal statistics:

num_allocs_failed_limit: 9.
num_arena_births: 8026.
num_arena_deaths: 0.
num_vsnodes_births: 3.
num_vsnodes_deaths: 0.
num_space_committed: 1358.
num_space_uncommitted: 0.
num_chunks_returned_to_freelist: 9.
num_chunks_taken_from_freelist: 11854.
num_chunk_merges: 9.
num_chunk_splits: 8002.
num_chunks_enlarged: 5043.
num_inconsistent_stats: 0.

CodeHeap 'non-profiled nmethods': size=119168Kb used=5274Kb max_used=5274Kb free=113893Kb
 bounds [0x00007fc297fa0000, 0x00007fc2984d0000, 0x00007fc29f400000]
CodeHeap 'profiled nmethods': size=119168Kb used=26794Kb max_used=26794Kb free=92373Kb
 bounds [0x00007fc2903ff000, 0x00007fc291e2f000, 0x00007fc29785f000]
CodeHeap 'non-nmethods': size=7428Kb used=4599Kb max_used=4705Kb free=2828Kb
 bounds [0x00007fc29785f000, 0x00007fc297d0f000, 0x00007fc297fa0000]
CodeCache: size=245764Kb, used=36667Kb, max_used=36773Kb, free=209094Kb
 total_blobs=13150, nmethods=11415, adapters=1636, full_count=0
Compilation: enabled, stopped_count=0, restarted_count=0

Compilation events (20 events):
Event: 21.518 Thread 0x00007fc2481ef930 nmethod 13267 0x00007fc291e22d08 code [0x00007fc291e22e00, 0x00007fc291e230a8]
Event: 21.518 Thread 0x00007fc2481ef930 13269       3       com.sun.net.httpserver.Headers::lambda$new$0 (17 bytes)
Event: 21.518 Thread 0x00007fc2481ef930 nmethod 13269 0x00007fc291e23108 code [0x00007fc291e23200, 0x00007fc291e23900]
Event: 21.518 Thread 0x00007fc2481ef930 13270       3       java.util.LinkedList::<init> (11 bytes)
Event: 21.518 Thread 0x00007fc25470aec0 nmethod 13268 0x00007fc291e23988 code [0x00007fc291e23a80, 0x00007fc291e242d8]
Event: 21.518 Thread 0x00007fc25470aec0 13271       3       java.util.LinkedList::addAll (10 bytes)
Event: 21.518 Thread 0x00007fc25470aec0 nmethod 13271 0x00007fc291e24308 code [0x00007fc291e24400, 0x00007fc291e245b8]
Event: 21.518 Thread 0x00007fc25470aec0 13273       3       com.sun.net.httpserver.Headers$$Lambda/0x000000002b9b4970::accept (16 bytes)
Event: 21.518 Thread 0x00007fc2481ef930 nmethod 13270 0x00007fc291e24608 code [0x00007fc291e24700, 0x00007fc291e24b78]
Event: 21.518 Thread 0x00007fc25470aec0 nmethod 13273 0x00007fc291e24b88 code [0x00007fc291e24c80, 0x00007fc291e24ff8]
Event: 21.518 Thread 0x00007fc2500b7bb0 nmethod 13272 0x00007fc291e25008 code [0x00007fc291e25100, 0x00007fc291e25c08]
Event: 21.519 Thread 0x00007fc2a81429b0 nmethod 13263 0x00007fc291e25c88 code [0x00007fc291e25da0, 0x00007fc291e27e98]
Event: 21.519 Thread 0x00007fc2a8140fc0 13274       4       java.lang.StringCoding::countPositives (33 bytes)
Event: 21.521 Thread 0x00007fc2a8140fc0 nmethod 13274 0x00007fc2984c5e88 code [0x00007fc2984c5f80, 0x00007fc2984c60f8]
Event: 21.523 Thread 0x00007fc2a8140fc0 13275       4       org.bouncycastle.jcajce.provider.digest.DigestAlgorithmProvider::<init> (5 bytes)
Event: 21.524 Thread 0x00007fc2a8140fc0 nmethod 13275 0x00007fc2984c6188 code [0x00007fc2984c6280, 0x00007fc2984c62f8]
Event: 21.530 Thread 0x00007fc2a8140fc0 13276       4       org.robolectric.res.android.ResourceTypes$ResTable_entry::getResValue (56 bytes)
Event: 21.533 Thread 0x00007fc2481ef930 13277       3       kotlin.collections.CollectionsKt___CollectionsKt::toSet (141 bytes)
Event: 21.534 Thread 0x00007fc2481ef930 nmethod 13277 0x00007fc291e27f08 code [0x00007fc291e28020, 0x00007fc291e298b8]
Event: 21.536 Thread 0x00007fc2a8140fc0 nmethod 13276 0x00007fc2984c6488 code [0x00007fc2984c6580, 0x00007fc2984c6a70]

GC Heap Usage History (20 events):
Event: 14.423 {heap Before GC invocations=32 (full 0):
 garbage-first heap   total reserved 524288K, committed 158720K, used 145208K [0x00000000e0000000, 0x0000000100000000)
  region size 1024K, 56 young (57344K), 4 survivors (4096K)
}
Event: 14.425 {heap After GC invocations=33 (full 0):
 garbage-first heap   total reserved 524288K, committed 158720K, used 91758K [0x00000000e0000000, 0x0000000100000000)
  region size 1024K, 5 young (5120K), 5 survivors (5120K)
}
Event: 15.352 {heap Before GC invocations=33 (full 0):
 garbage-first heap   total reserved 524288K, committed 158720K, used 143982K [0x00000000e0000000, 0x0000000100000000)
  region size 1024K, 56 young (57344K), 5 survivors (5120K)
}
Event: 15.355 {heap After GC invocations=34 (full 0):
 garbage-first heap   total reserved 524288K, committed 158720K, used 91857K [0x00000000e0000000, 0x0000000100000000)
  region size 1024K, 4 young (4096K), 4 survivors (4096K)
}
Event: 16.609 {heap Before GC invocations=35 (full 0):
 garbage-first heap   total reserved 524288K, committed 158720K, used 145105K [0x00000000e0000000, 0x0000000100000000)
  region size 1024K, 56 young (57344K), 4 survivors (4096K)
}
Event: 16.611 {heap After GC invocations=36 (full 0):
 garbage-first heap   total reserved 524288K, committed 158720K, used 91868K [0x00000000e0000000, 0x0000000100000000)
  region size 1024K, 4 young (4096K), 4 survivors (4096K)
}
Event: 17.702 {heap Before GC invocations=36 (full 0):
 garbage-first heap   total reserved 524288K, committed 158720K, used 144092K [0x00000000e0000000, 0x0000000100000000)
  region size 1024K, 56 young (57344K), 4 survivors (4096K)
}
Event: 17.705 {heap After GC invocations=37 (full 0):
 garbage-first heap   total reserved 524288K, committed 158720K, used 92121K [0x00000000e0000000, 0x0000000100000000)
  region size 1024K, 5 young (5120K), 5 survivors (5120K)
}
Event: 18.653 {heap Before GC invocations=37 (full 0):
 garbage-first heap   total reserved 524288K, committed 158720K, used 145369K [0x00000000e0000000, 0x0000000100000000)
  region size 1024K, 57 young (58368K), 5 survivors (5120K)
}
Event: 18.655 {heap After GC invocations=38 (full 0):
 garbage-first heap   total reserved 524288K, committed 158720K, used 91830K [0x00000000e0000000, 0x0000000100000000)
  region size 1024K, 5 young (5120K), 5 survivors (5120K)
}
Event: 18.885 {heap Before GC invocations=39 (full 0):
 garbage-first heap   total reserved 524288K, committed 158720K, used 145078K [0x00000000e0000000, 0x0000000100000000)
  region size 1024K, 57 young (58368K), 5 survivors (5120K)
}
Event: 18.887 {heap After GC invocations=40 (full 0):
 garbage-first heap   total reserved 524288K, committed 158720K, used 92225K [0x00000000e0000000, 0x0000000100000000)
  region size 1024K, 5 young (5120K), 5 survivors (5120K)
}
Event: 19.335 {heap Before GC invocations=40 (full 0):
 garbage-first heap   total reserved 524288K, committed 158720K, used 144449K [0x00000000e0000000, 0x0000000100000000)
  region size 1024K, 57 young (58368K), 5 survivors (5120K)
}
Event: 19.337 {heap After GC invocations=41 (full 0):
 garbage-first heap   total reserved 524288K, committed 158720K, used 92735K [0x00000000e0000000, 0x0000000100000000)
  region size 1024K, 6 young (6144K), 6 survivors (6144K)
}
Event: 19.777 {heap Before GC invocations=41 (full 0):
 garbage-first heap   total reserved 524288K, committed 158720K, used 144959K [0x00000000e0000000, 0x0000000100000000)
  region size 1024K, 57 young (58368K), 6 survivors (6144K)
}
Event: 19.779 {heap After GC invocations=42 (full 0):
 garbage-first heap   total reserved 524288K, committed 158720K, used 93367K [0x00000000e0000000, 0x0000000100000000)
  region size 1024K, 5 young (5120K), 5 survivors (5120K)
}
Event: 20.782 {heap Before GC invocations=43 (full 0):
 garbage-first heap   total reserved 524288K, committed 158720K, used 144567K [0x00000000e0000000, 0x0000000100000000)
  region size 1024K, 56 young (57344K), 5 survivors (5120K)
}
Event: 20.784 {heap After GC invocations=44 (full 0):
 garbage-first heap   total reserved 524288K, committed 158720K, used 93670K [0x00000000e0000000, 0x0000000100000000)
  region size 1024K, 5 young (5120K), 5 survivors (5120K)
}
Event: 21.207 {heap Before GC invocations=44 (full 0):
 garbage-first heap   total reserved 524288K, committed 158720K, used 145894K [0x00000000e0000000, 0x0000000100000000)
  region size 1024K, 56 young (57344K), 5 survivors (5120K)
}
Event: 21.209 {heap After GC invocations=45 (full 0):
 garbage-first heap   total reserved 524288K, committed 158720K, used 92950K [0x00000000e0000000, 0x0000000100000000)
  region size 1024K, 5 young (5120K), 5 survivors (5120K)
}

Metaspace Usage History (20 events):
Event: 14.423 {metaspace Before GC invocations=32 (full 0):
 Metaspace       used 79319K, committed 83520K, reserved 1179648K
  class space    used 8048K, committed 9920K, reserved 1048576K
}
Event: 14.425 {metaspace After GC invocations=33 (full 0):
 Metaspace       used 79319K, committed 83520K, reserved 1179648K
  class space    used 8048K, committed 9920K, reserved 1048576K
}
Event: 15.352 {metaspace Before GC invocations=33 (full 0):
 Metaspace       used 79844K, committed 84160K, reserved 1179648K
  class space    used 8130K, committed 10112K, reserved 1048576K
}
Event: 15.355 {metaspace After GC invocations=34 (full 0):
 Metaspace       used 79844K, committed 84160K, reserved 1179648K
  class space    used 8130K, committed 10112K, reserved 1048576K
}
Event: 16.609 {metaspace Before GC invocations=35 (full 0):
 Metaspace       used 80329K, committed 84736K, reserved 1179648K
  class space    used 8192K, committed 10176K, reserved 1048576K
}
Event: 16.611 {metaspace After GC invocations=36 (full 0):
 Metaspace       used 80329K, committed 84736K, reserved 1179648K
  class space    used 8192K, committed 10176K, reserved 1048576K
}
Event: 17.702 {metaspace Before GC invocations=36 (full 0):
 Metaspace       used 80597K, committed 84928K, reserved 1179648K
  class space    used 8210K, committed 10176K, reserved 1048576K
}
Event: 17.705 {metaspace After GC invocations=37 (full 0):
 Metaspace       used 80597K, committed 84928K, reserved 1179648K
  class space    used 8210K, committed 10176K, reserved 1048576K
}
Event: 18.653 {metaspace Before GC invocations=37 (full 0):
 Metaspace       used 80929K, committed 85376K, reserved 1179648K
  class space    used 8248K, committed 10240K, reserved 1048576K
}
Event: 18.655 {metaspace After GC invocations=38 (full 0):
 Metaspace       used 80929K, committed 85376K, reserved 1179648K
  class space    used 8248K, committed 10240K, reserved 1048576K
}
Event: 18.885 {metaspace Before GC invocations=39 (full 0):
 Metaspace       used 81196K, committed 85504K, reserved 1179648K
  class space    used 8274K, committed 10240K, reserved 1048576K
}
Event: 18.887 {metaspace After GC invocations=40 (full 0):
 Metaspace       used 81196K, committed 85504K, reserved 1179648K
  class space    used 8274K, committed 10240K, reserved 1048576K
}
Event: 19.335 {metaspace Before GC invocations=40 (full 0):
 Metaspace       used 81383K, committed 85824K, reserved 1179648K
  class space    used 8293K, committed 10304K, reserved 1048576K
}
Event: 19.337 {metaspace After GC invocations=41 (full 0):
 Metaspace       used 81383K, committed 85824K, reserved 1179648K
  class space    used 8293K, committed 10304K, reserved 1048576K
}
Event: 19.777 {metaspace Before GC invocations=41 (full 0):
 Metaspace       used 81809K, committed 86272K, reserved 1179648K
  class space    used 8338K, committed 10368K, reserved 1048576K
}
Event: 19.779 {metaspace After GC invocations=42 (full 0):
 Metaspace       used 81809K, committed 86272K, reserved 1179648K
  class space    used 8338K, committed 10368K, reserved 1048576K
}
Event: 20.782 {metaspace Before GC invocations=43 (full 0):
 Metaspace       used 82096K, committed 86528K, reserved 1179648K
  class space    used 8372K, committed 10368K, reserved 1048576K
}
Event: 20.784 {metaspace After GC invocations=44 (full 0):
 Metaspace       used 82096K, committed 86528K, reserved 1179648K
  class space    used 8372K, committed 10368K, reserved 1048576K
}
Event: 21.207 {metaspace Before GC invocations=44 (full 0):
 Metaspace       used 82321K, committed 86720K, reserved 1179648K
  class space    used 8391K, committed 10368K, reserved 1048576K
}
Event: 21.209 {metaspace After GC invocations=45 (full 0):
 Metaspace       used 82321K, committed 86720K, reserved 1179648K
  class space    used 8391K, committed 10368K, reserved 1048576K
}

Dll operation events (11 events):
Event: 0.002 Loaded shared library /home/sub/.gradle/jdks/eclipse_adoptium-25-amd64-linux.2/lib/libjava.so
Event: 0.025 Loaded shared library /home/sub/.gradle/jdks/eclipse_adoptium-25-amd64-linux.2/lib/libsimdsort.so
Event: 0.042 Loaded shared library /home/sub/.gradle/jdks/eclipse_adoptium-25-amd64-linux.2/lib/libnio.so
Event: 0.044 Loaded shared library /home/sub/.gradle/jdks/eclipse_adoptium-25-amd64-linux.2/lib/libzip.so
Event: 0.086 Loaded shared library /home/sub/.gradle/jdks/eclipse_adoptium-25-amd64-linux.2/lib/libjimage.so
Event: 0.123 Loaded shared library /home/sub/.gradle/jdks/eclipse_adoptium-25-amd64-linux.2/lib/libnet.so
Event: 0.293 Loaded shared library /home/sub/.gradle/jdks/eclipse_adoptium-25-amd64-linux.2/lib/libextnet.so
Event: 0.329 Loaded shared library /home/sub/.gradle/jdks/eclipse_adoptium-25-amd64-linux.2/lib/libverify.so
Event: 0.915 Loaded shared library /home/sub/Subarno/cc6/EdgeMemo/app/build/generated/native-libs/host/libedgememo_qdrant.so
Event: 2.385 Loaded shared library /tmp/robolectric-nativeruntime9967864127081461000/libandroid_runtime.so
Event: 2.846 Loaded shared library /tmp/libconscrypt_openjdk_jni-linux-x86_6417907167303110000.so

Deoptimization events (20 events):
Event: 21.224 Thread 0x00007fc2a885fe40 Uncommon trap: trap_request=0xffffff45 fr.pc=0x00007fc298490e80 relative=0x0000000000000c80
Event: 21.224 Thread 0x00007fc2a885fe40 Uncommon trap: reason=unstable_if action=reinterpret pc=0x00007fc298490e80 method=kotlinx.coroutines.DispatchedTaskKt.isCancellableMode(I)Z @ 2 c2
Event: 21.224 Thread 0x00007fc2a885fe40 DEOPT PACKING pc=0x00007fc298490e80 sp=0x00007fc24ecea090
Event: 21.224 Thread 0x00007fc2a885fe40 DEOPT UNPACKING pc=0x00007fc2979841f9 sp=0x00007fc24ece9fa8 mode 2
Event: 21.237 Thread 0x00007fc2a885fe40 Uncommon trap: trap_request=0xffffff45 fr.pc=0x00007fc2983a1eac relative=0x0000000000000fac
Event: 21.237 Thread 0x00007fc2a885fe40 Uncommon trap: reason=unstable_if action=reinterpret pc=0x00007fc2983a1eac method=android.database.sqlite.SQLiteConnection$OperationLog.$$robo$$android_database_sqlite_SQLiteConnection_OperationLog$beginOperation(Ljava/lang/String;Ljava/lang/String;[Ljava
Event: 21.237 Thread 0x00007fc2a885fe40 DEOPT PACKING pc=0x00007fc2983a1eac sp=0x00007fc24ece8b80
Event: 21.237 Thread 0x00007fc2a885fe40 DEOPT UNPACKING pc=0x00007fc2979841f9 sp=0x00007fc24ece8b40 mode 2
Event: 21.237 Thread 0x00007fc2a885fe40 Uncommon trap: trap_request=0xffffff45 fr.pc=0x00007fc29841fe70 relative=0x0000000000000270
Event: 21.237 Thread 0x00007fc2a885fe40 Uncommon trap: reason=unstable_if action=reinterpret pc=0x00007fc29841fe70 method=android.database.DatabaseUtils.$$robo$$android_database_DatabaseUtils$getTypeOfObject(Ljava/lang/Object;)I @ 10 c2
Event: 21.237 Thread 0x00007fc2a885fe40 DEOPT PACKING pc=0x00007fc29841fe70 sp=0x00007fc24ece8bd0
Event: 21.237 Thread 0x00007fc2a885fe40 DEOPT UNPACKING pc=0x00007fc2979841f9 sp=0x00007fc24ece8850 mode 2
Event: 21.248 Thread 0x00007fc2a885fe40 Uncommon trap: trap_request=0xffffff6e fr.pc=0x00007fc2982fd8cc relative=0x0000000000000a4c
Event: 21.248 Thread 0x00007fc2a885fe40 Uncommon trap: reason=predicate action=maybe_recompile pc=0x00007fc2982fd8cc method=java.util.ComparableTimSort.binarySort([Ljava/lang/Object;III)V @ 34 c2
Event: 21.248 Thread 0x00007fc2a885fe40 DEOPT PACKING pc=0x00007fc2982fd8cc sp=0x00007fc24ecea830
Event: 21.248 Thread 0x00007fc2a885fe40 DEOPT UNPACKING pc=0x00007fc2979841f9 sp=0x00007fc24ecea7d8 mode 2
Event: 21.250 Thread 0x00007fc2a885fe40 Uncommon trap: trap_request=0xffffffbe fr.pc=0x00007fc2984267f8 relative=0x0000000000000f78
Event: 21.250 Thread 0x00007fc2a885fe40 Uncommon trap: reason=profile_predicate action=maybe_recompile pc=0x00007fc2984267f8 method=java.util.ComparableTimSort.binarySort([Ljava/lang/Object;III)V @ 72 c2
Event: 21.250 Thread 0x00007fc2a885fe40 DEOPT PACKING pc=0x00007fc2984267f8 sp=0x00007fc24ecea800
Event: 21.250 Thread 0x00007fc2a885fe40 DEOPT UNPACKING pc=0x00007fc2979841f9 sp=0x00007fc24ecea7d8 mode 2

Classes loaded (20 events):
Event: 16.782 Loading class sun/net/www/protocol/http/NTLMAuthenticationProxy
Event: 16.782 Loading class sun/net/www/protocol/http/NTLMAuthenticationProxy done
Event: 16.782 Loading class sun/net/www/protocol/http/ntlm/NTLMAuthentication
Event: 16.782 Loading class sun/net/www/protocol/http/ntlm/NTLMAuthentication done
Event: 16.782 Loading class sun/net/www/protocol/http/ntlm/NTLMAuthenticationCallback
Event: 16.782 Loading class sun/net/www/protocol/http/ntlm/NTLMAuthenticationCallback done
Event: 16.782 Loading class java/net/PasswordAuthentication
Event: 16.782 Loading class java/net/PasswordAuthentication done
Event: 16.782 Loading class sun/net/www/HeaderParser
Event: 16.783 Loading class sun/net/www/HeaderParser done
Event: 18.684 Loading class java/lang/StackTraceElement$HashedModules
Event: 18.685 Loading class java/lang/StackTraceElement$HashedModules done
Event: 18.753 Loading class java/net/URLEncoder
Event: 18.753 Loading class java/net/URLEncoder done
Event: 18.753 Loading class jdk/internal/util/ImmutableBitSetPredicate
Event: 18.753 Loading class jdk/internal/util/ImmutableBitSetPredicate done
Event: 18.753 Loading class jdk/internal/util/ImmutableBitSetPredicate$SmallImmutableBitSetPredicate
Event: 18.754 Loading class jdk/internal/util/ImmutableBitSetPredicate$SmallImmutableBitSetPredicate done
Event: 20.728 Loading class java/util/concurrent/ConcurrentLinkedQueue$Itr
Event: 20.730 Loading class java/util/concurrent/ConcurrentLinkedQueue$Itr done

Classes unloaded (0 events):
No events

Classes redefined (0 events):
No events

Internal exceptions (20 events):
Event: 21.289 Thread 0x00007fc2a885fe40 Exception <a 'sun/nio/fs/UnixException'{0x00000000e9dc9060}> (0x00000000e9dc9060) 
thrown [src/hotspot/share/prims/jni.cpp, line 516]
Event: 21.312 Thread 0x00007fc2a885fe40 Exception <a 'sun/nio/fs/UnixException'{0x00000000e7a12c30}> (0x00000000e7a12c30) 
thrown [src/hotspot/share/prims/jni.cpp, line 516]
Event: 21.333 Thread 0x00007fc2a8032410 Exception <a 'java/lang/ClassNotFoundException'{0x00000000e7978e08}: /package-info> (0x00000000e7978e08) 
thrown [src/hotspot/share/prims/jni.cpp, line 534]
Event: 21.333 Thread 0x00007fc2a8032410 Exception <a 'java/lang/ClassNotFoundException'{0x00000000e7979fc8}: /package-info> (0x00000000e7979fc8) 
thrown [src/hotspot/share/prims/jni.cpp, line 534]
Event: 21.333 Thread 0x00007fc2a8032410 Exception <a 'java/lang/ClassNotFoundException'{0x00000000e797a8a8}: /package-info> (0x00000000e797a8a8) 
thrown [src/hotspot/share/prims/jni.cpp, line 534]
Event: 21.333 Thread 0x00007fc2a8032410 Exception <a 'java/lang/ClassNotFoundException'{0x00000000e797ba68}: /package-info> (0x00000000e797ba68) 
thrown [src/hotspot/share/prims/jni.cpp, line 534]
Event: 21.333 Thread 0x00007fc2a8032410 Exception <a 'java/lang/ClassNotFoundException'{0x00000000e797cc28}: /package-info> (0x00000000e797cc28) 
thrown [src/hotspot/share/prims/jni.cpp, line 534]
Event: 21.333 Thread 0x00007fc2a8032410 Exception <a 'java/lang/ClassNotFoundException'{0x00000000e797e030}: /package-info> (0x00000000e797e030) 
thrown [src/hotspot/share/prims/jni.cpp, line 534]
Event: 21.333 Thread 0x00007fc2a8032410 Exception <a 'java/lang/ClassNotFoundException'{0x00000000e797f1f0}: /package-info> (0x00000000e797f1f0) 
thrown [src/hotspot/share/prims/jni.cpp, line 534]
Event: 21.333 Thread 0x00007fc2a8032410 Exception <a 'java/lang/ClassNotFoundException'{0x00000000e79803b0}: /package-info> (0x00000000e79803b0) 
thrown [src/hotspot/share/prims/jni.cpp, line 534]
Event: 21.336 Thread 0x00007fc2a8032410 Exception <a 'java/lang/ClassNotFoundException'{0x00000000e79f1060}: /package-info> (0x00000000e79f1060) 
thrown [src/hotspot/share/prims/jni.cpp, line 534]
Event: 21.336 Thread 0x00007fc2a8032410 Exception <a 'java/lang/ClassNotFoundException'{0x00000000e79f2220}: /package-info> (0x00000000e79f2220) 
thrown [src/hotspot/share/prims/jni.cpp, line 534]
Event: 21.336 Thread 0x00007fc2a8032410 Exception <a 'java/lang/ClassNotFoundException'{0x00000000e79f2d78}: /package-info> (0x00000000e79f2d78) 
thrown [src/hotspot/share/prims/jni.cpp, line 534]
Event: 21.336 Thread 0x00007fc2a8032410 Exception <a 'java/lang/ClassNotFoundException'{0x00000000e79f3f38}: /package-info> (0x00000000e79f3f38) 
thrown [src/hotspot/share/prims/jni.cpp, line 534]
Event: 21.336 Thread 0x00007fc2a8032410 Exception <a 'java/lang/ClassNotFoundException'{0x00000000e79f50f8}: /package-info> (0x00000000e79f50f8) 
thrown [src/hotspot/share/prims/jni.cpp, line 534]
Event: 21.336 Thread 0x00007fc2a8032410 Exception <a 'java/lang/ClassNotFoundException'{0x00000000e79f62b8}: /package-info> (0x00000000e79f62b8) 
thrown [src/hotspot/share/prims/jni.cpp, line 534]
Event: 21.336 Thread 0x00007fc2a8032410 Exception <a 'java/lang/ClassNotFoundException'{0x00000000e79f7478}: /package-info> (0x00000000e79f7478) 
thrown [src/hotspot/share/prims/jni.cpp, line 534]
Event: 21.336 Thread 0x00007fc2a8032410 Exception <a 'java/lang/ClassNotFoundException'{0x00000000e79f8638}: /package-info> (0x00000000e79f8638) 
thrown [src/hotspot/share/prims/jni.cpp, line 534]
Event: 21.348 Thread 0x00007fc2a885fe40 Exception <a 'sun/nio/fs/UnixException'{0x00000000e7421098}> (0x00000000e7421098) 
thrown [src/hotspot/share/prims/jni.cpp, line 516]
Event: 21.532 Thread 0x00007fc2a885fe40 Exception <a 'sun/nio/fs/UnixException'{0x00000000e6ff7ce8}> (0x00000000e6ff7ce8) 
thrown [src/hotspot/share/prims/jni.cpp, line 516]

VM Operations (20 events):
Event: 18.653 Executing safepoint VM operation: G1CollectForAllocation (G1 Evacuation Pause)
Event: 18.655 Executing safepoint VM operation: G1CollectForAllocation (G1 Evacuation Pause) done
Event: 18.672 Executing safepoint VM operation: G1PauseRemark
Event: 18.675 Executing safepoint VM operation: G1PauseRemark done
Event: 18.682 Executing safepoint VM operation: G1PauseCleanup
Event: 18.682 Executing safepoint VM operation: G1PauseCleanup done
Event: 18.885 Executing safepoint VM operation: G1CollectForAllocation (G1 Evacuation Pause)
Event: 18.887 Executing safepoint VM operation: G1CollectForAllocation (G1 Evacuation Pause) done
Event: 19.335 Executing safepoint VM operation: G1CollectForAllocation (G1 Evacuation Pause)
Event: 19.338 Executing safepoint VM operation: G1CollectForAllocation (G1 Evacuation Pause) done
Event: 19.777 Executing safepoint VM operation: G1CollectForAllocation (G1 Evacuation Pause)
Event: 19.779 Executing safepoint VM operation: G1CollectForAllocation (G1 Evacuation Pause) done
Event: 19.795 Executing safepoint VM operation: G1PauseRemark
Event: 19.799 Executing safepoint VM operation: G1PauseRemark done
Event: 19.805 Executing safepoint VM operation: G1PauseCleanup
Event: 19.805 Executing safepoint VM operation: G1PauseCleanup done
Event: 20.782 Executing safepoint VM operation: G1CollectForAllocation (G1 Evacuation Pause)
Event: 20.784 Executing safepoint VM operation: G1CollectForAllocation (G1 Evacuation Pause) done
Event: 21.206 Executing safepoint VM operation: G1CollectForAllocation (G1 Evacuation Pause)
Event: 21.209 Executing safepoint VM operation: G1CollectForAllocation (G1 Evacuation Pause) done

Memory protections (20 events):
Event: 18.855 Protecting memory [0x00007fc21d3cd000,0x00007fc21d3d1000] with protection modes 0
Event: 18.875 Protecting memory [0x00007fc214284000,0x00007fc214288000] with protection modes 0
Event: 18.875 Protecting memory [0x00007fc21d3cd000,0x00007fc21d3d1000] with protection modes 0
Event: 18.877 Protecting memory [0x00007fc214284000,0x00007fc214288000] with protection modes 0
Event: 18.877 Protecting memory [0x00007fc21d3cd000,0x00007fc21d3d1000] with protection modes 0
Event: 18.897 Protecting memory [0x00007fc214284000,0x00007fc214288000] with protection modes 0
Event: 18.897 Protecting memory [0x00007fc21d3cd000,0x00007fc21d3d1000] with protection modes 0
Event: 18.913 Protecting memory [0x00007fc214284000,0x00007fc214288000] with protection modes 0
Event: 18.913 Protecting memory [0x00007fc21d3cd000,0x00007fc21d3d1000] with protection modes 0
Event: 18.914 Protecting memory [0x00007fc21bbc1000,0x00007fc21bbc5000] with protection modes 0
Event: 18.914 Protecting memory [0x00007fc21d3cd000,0x00007fc21d3d1000] with protection modes 0
Event: 18.915 Protecting memory [0x00007fc21bbc1000,0x00007fc21bbc5000] with protection modes 0
Event: 18.915 Protecting memory [0x00007fc214284000,0x00007fc214288000] with protection modes 0
Event: 19.343 Protecting memory [0x00007fc21abb9000,0x00007fc21abbd000] with protection modes 0
Event: 19.744 Protecting memory [0x00007fc216093000,0x00007fc216097000] with protection modes 0
Event: 21.272 Protecting memory [0x00007fc21508b000,0x00007fc21508f000] with protection modes 0
Event: 21.352 Protecting memory [0x00007fc216c99000,0x00007fc216c9d000] with protection modes 0
Event: 21.352 Protecting memory [0x00007fc21bdc2000,0x00007fc21bdc6000] with protection modes 0
Event: 21.537 Protecting memory [0x00007fc21508b000,0x00007fc21508f000] with protection modes 0
Event: 21.537 Protecting memory [0x00007fc1f52ad000,0x00007fc1f52b1000] with protection modes 0

Nmethod flushes (20 events):
Event: 19.798 Thread 0x00007fc2a812fca0 flushing  nmethod 0x00007fc290789688
Event: 19.798 Thread 0x00007fc2a812fca0 flushing  nmethod 0x00007fc290bfb308
Event: 19.798 Thread 0x00007fc2a812fca0 flushing  nmethod 0x00007fc290cd1e08
Event: 19.798 Thread 0x00007fc2a812fca0 flushing  nmethod 0x00007fc290d5b888
Event: 19.798 Thread 0x00007fc2a812fca0 flushing  nmethod 0x00007fc290fa5c88
Event: 19.798 Thread 0x00007fc2a812fca0 flushing  nmethod 0x00007fc2907ced88
Event: 19.798 Thread 0x00007fc2a812fca0 flushing  nmethod 0x00007fc290b41188
Event: 19.798 Thread 0x00007fc2a812fca0 flushing  nmethod 0x00007fc290b41888
Event: 19.798 Thread 0x00007fc2a812fca0 flushing  nmethod 0x00007fc290b42408
Event: 19.798 Thread 0x00007fc2a812fca0 flushing  nmethod 0x00007fc290c7dd08
Event: 19.798 Thread 0x00007fc2a812fca0 flushing  nmethod 0x00007fc290649688
Event: 19.798 Thread 0x00007fc2a812fca0 flushing  nmethod 0x00007fc2906e4f08
Event: 19.798 Thread 0x00007fc2a812fca0 flushing  nmethod 0x00007fc290e13f88
Event: 19.798 Thread 0x00007fc2a812fca0 flushing  nmethod 0x00007fc298453a08
Event: 19.798 Thread 0x00007fc2a812fca0 flushing  nmethod 0x00007fc290572d88
Event: 19.798 Thread 0x00007fc2a812fca0 flushing  nmethod 0x00007fc290933a08
Event: 19.798 Thread 0x00007fc2a812fca0 flushing  nmethod 0x00007fc290a71e08
Event: 19.798 Thread 0x00007fc2a812fca0 flushing  nmethod 0x00007fc290c9b688
Event: 19.798 Thread 0x00007fc2a812fca0 flushing  nmethod 0x00007fc290c9f608
Event: 19.798 Thread 0x00007fc2a812fca0 flushing  nmethod 0x00007fc290fa2f88

Events (20 events):
Event: 18.914 Thread 0x00007fc25d846ed0 Thread exited: 0x00007fc25d846ed0
Event: 18.914 Thread 0x00007fc2a885fe40 Thread added: 0x00007fc25d846ed0
Event: 18.914 Thread 0x00007fc2a885fe40 Thread added: 0x00007fc25d839940
Event: 18.914 Thread 0x00007fc25d841c00 Thread exited: 0x00007fc25d841c00
Event: 18.915 Thread 0x00007fc25d839940 Thread exited: 0x00007fc25d839940
Event: 18.915 Thread 0x00007fc2a885fe40 Thread added: 0x00007fc25d841c00
Event: 18.915 Thread 0x00007fc2a885fe40 Thread added: 0x00007fc25d839920
Event: 18.915 Thread 0x00007fc25d846ed0 Thread exited: 0x00007fc25d846ed0
Event: 18.916 Thread 0x00007fc25d839920 Thread exited: 0x00007fc25d839920
Event: 18.916 Thread 0x00007fc25d841c00 Thread exited: 0x00007fc25d841c00
Event: 19.343 Thread 0x00007fc2a81429b0 Thread added: 0x00007fc254c4bc70
Event: 19.473 Thread 0x00007fc254c4bc70 Thread exited: 0x00007fc254c4bc70
Event: 19.744 Thread 0x00007fc2a81429b0 Thread added: 0x00007fc254c17080
Event: 20.377 Thread 0x00007fc254c17080 Thread exited: 0x00007fc254c17080
Event: 21.272 Thread 0x00007fc2a81429b0 Thread added: 0x00007fc254c3e080
Event: 21.352 Thread 0x00007fc2a885fe40 Thread added: 0x00007fc25d8e3050
Event: 21.352 Thread 0x00007fc2a885fe40 Thread added: 0x00007fc25d8dfb30
Event: 21.514 Thread 0x00007fc254c3e080 Thread exited: 0x00007fc254c3e080
Event: 21.537 Thread 0x00007fc2a885fe40 Thread added: 0x00007fc25d8e6b80
Event: 21.537 Thread 0x00007fc2a885fe40 Thread added: 0x00007fc25d85ba00


Dynamic libraries:
2a000000-2a001000 ---p 00000000 00:00 0 
2a001000-2ad95000 rw-p 00001000 103:07 26239848                          /home/sub/.gradle/jdks/eclipse_adoptium-25-amd64-linux.2/lib/server/classes.jsa
2ad95000-2b000000 ---p 00000000 00:00 0 
2b000000-2b040000 rw-p 00000000 00:00 0 
2b040000-2b0c0000 rw-p 00000000 00:00 0 
2b0c0000-2b100000 rw-p 00000000 00:00 0 
2b100000-2b1c0000 rw-p 00000000 00:00 0 
2b1c0000-2b200000 rw-p 00000000 00:00 0 
2b200000-2b3b0000 rw-p 00000000 00:00 0 
2b3b0000-2b3c0000 ---p 00000000 00:00 0 
2b3c0000-2ba40000 rw-p 00000000 00:00 0 
2ba40000-6b000000 ---p 00000000 00:00 0 
e0000000-e7b00000 rw-p 00000000 00:00 0 
e7b00000-e9900000 ---p 00000000 00:00 0 
e9900000-ea600000 rw-p 00000000 00:00 0 
ea600000-ef500000 ---p 00000000 00:00 0 
ef500000-ef600000 rw-p 00000000 00:00 0 
ef600000-fee00000 ---p 00000000 00:00 0 
fee00000-ffe00000 rw-p 00000000 00:00 0 
ffe00000-fff24000 rw-p 00dc9000 103:07 26239848                          /home/sub/.gradle/jdks/eclipse_adoptium-25-amd64-linux.2/lib/server/classes.jsa
fff24000-100000000 rw-p 00000000 00:00 0 
55936eaf4000-55936eaf5000 r--p 00000000 103:07 26239782                  /home/sub/.gradle/jdks/eclipse_adoptium-25-amd64-linux.2/bin/java
55936eaf5000-55936eaf6000 r-xp 00001000 103:07 26239782                  /home/sub/.gradle/jdks/eclipse_adoptium-25-amd64-linux.2/bin/java
55936eaf6000-55936eaf7000 r--p 00002000 103:07 26239782                  /home/sub/.gradle/jdks/eclipse_adoptium-25-amd64-linux.2/bin/java
55936eaf7000-55936eaf8000 r--p 00002000 103:07 26239782                  /home/sub/.gradle/jdks/eclipse_adoptium-25-amd64-linux.2/bin/java
55936eaf8000-55936eaf9000 rw-p 00003000 103:07 26239782                  /home/sub/.gradle/jdks/eclipse_adoptium-25-amd64-linux.2/bin/java
559378f10000-559379130000 rw-p 00000000 00:00 0                          [heap]
7fc1dc700000-7fc1dc800000 rw-s 00000000 00:23 185676                     /tmp/edgememo-12b13-3953861547481023442/segments/467f16de-056d-41e4-8480-bb610514fd5a/payload_index/2n6bjbka5q650pbeq50v1qfc-_tombsto-bool/falses/flags_a.dat
7fc1dc800000-7fc1dcc00000 r--s 00000000 00:23 185663                     /tmp/edgememo-12b13-3953861547481023442/segments/467f16de-056d-41e4-8480-bb610514fd5a/payload_index/igaflpg374vfc9ai18mlthee-_superse-map/page_0.dat
7fc1dcc00000-7fc1dd000000 rw-s 00000000 00:23 185663                     /tmp/edgememo-12b13-3953861547481023442/segments/467f16de-056d-41e4-8480-bb610514fd5a/payload_index/igaflpg374vfc9ai18mlthee-_superse-map/page_0.dat
7fc1dd000000-7fc1dd100000 rw-s 00000000 00:23 185673                     /tmp/edgememo-12b13-3953861547481023442/segments/467f16de-056d-41e4-8480-bb610514fd5a/payload_index/2n6bjbka5q650pbeq50v1qfc-_tombsto-bool/trues/flags_a.dat
7fc1dd100000-7fc1dd200000 rw-s 00000000 00:23 185662                     /tmp/edgememo-12b13-3953861547481023442/segments/467f16de-056d-41e4-8480-bb610514fd5a/payload_index/igaflpg374vfc9ai18mlthee-_superse-map/tracker.dat
7fc1dd200000-7fc1dd300000 rw-s 00000000 00:23 185658                     /tmp/edgememo-12b13-3953861547481023442/segments/467f16de-056d-41e4-8480-bb610514fd5a/payload_index/igaflpg374vfc9ai18mlthee-_superse-null/is_null/flags_a.dat
7fc1dd300000-7fc1dd400000 rw-s 00000000 00:23 185655                     /tmp/edgememo-12b13-3953861547481023442/segments/467f16de-056d-41e4-8480-bb610514fd5a/payload_index/igaflpg374vfc9ai18mlthee-_superse-null/has_values/flags_a.dat
7fc1dd400000-7fc1dd800000 r--s 00000000 00:23 185645                     /tmp/edgememo-12b13-3953861547481023442/segments/467f16de-056d-41e4-8480-bb610514fd5a/payload_index/jbpp4hmn4b7ij0ra91tttcsv-_content-map/page_0.dat
7fc1dd800000-7fc1ddc00000 rw-s 00000000 00:23 185645                     /tmp/edgememo-12b13-3953861547481023442/segments/467f16de-056d-41e4-8480-bb610514fd5a/payload_index/jbpp4hmn4b7ij0ra91tttcsv-_content-map/page_0.dat
7fc1ddc00000-7fc1ddd00000 rw-s 00000000 00:23 185644                     /tmp/edgememo-12b13-3953861547481023442/segments/467f16de-056d-41e4-8480-bb610514fd5a/payload_index/jbpp4hmn4b7ij0ra91tttcsv-_content-map/tracker.dat
7fc1ddd00000-7fc1dde00000 rw-s 00000000 00:23 185640                     /tmp/edgememo-12b13-3953861547481023442/segments/467f16de-056d-41e4-8480-bb610514fd5a/payload_index/jbpp4hmn4b7ij0ra91tttcsv-_content-null/is_null/flags_a.dat
7fc1dde00000-7fc1de200000 r--s 00000000 00:23 185627                     /tmp/edgememo-12b13-3953861547481023442/segments/467f16de-056d-41e4-8480-bb610514fd5a/payload_index/30pt7bb3tk7amm4vtcjpt41c-_subject-map/page_0.dat
7fc1de200000-7fc1de600000 rw-s 00000000 00:23 185627                     /tmp/edgememo-12b13-3953861547481023442/segments/467f16de-056d-41e4-8480-bb610514fd5a/payload_index/30pt7bb3tk7amm4vtcjpt41c-_subject-map/page_0.dat
7fc1de600000-7fc1de700000 rw-s 00000000 00:23 185637                     /tmp/edgememo-12b13-3953861547481023442/segments/467f16de-056d-41e4-8480-bb610514fd5a/payload_index/jbpp4hmn4b7ij0ra91tttcsv-_content-null/has_values/flags_a.dat
7fc1de700000-7fc1de800000 rw-s 00000000 00:23 185626                     /tmp/edgememo-12b13-3953861547481023442/segments/467f16de-056d-41e4-8480-bb610514fd5a/payload_index/30pt7bb3tk7amm4vtcjpt41c-_subject-map/tracker.dat
7fc1de800000-7fc1de900000 rw-s 00000000 00:23 185622                     /tmp/edgememo-12b13-3953861547481023442/segments/467f16de-056d-41e4-8480-bb610514fd5a/payload_index/30pt7bb3tk7amm4vtcjpt41c-_subject-null/is_null/flags_a.dat
7fc1de900000-7fc1dea00000 rw-s 00000000 00:23 185619                     /tmp/edgememo-12b13-3953861547481023442/segments/467f16de-056d-41e4-8480-bb610514fd5a/payload_index/30pt7bb3tk7amm4vtcjpt41c-_subject-null/has_values/flags_a.dat
7fc1dea00000-7fc1dee00000 r--s 00000000 00:23 185609                     /tmp/edgememo-12b13-3953861547481023442/segments/467f16de-056d-41e4-8480-bb610514fd5a/payload_index/qd10inocp4kdi06e5r6e004b-_sync_st-map/page_0.dat
7fc1dee00000-7fc1df200000 rw-s 00000000 00:23 185609                     /tmp/edgememo-12b13-3953861547481023442/segments/467f16de-056d-41e4-8480-bb610514fd5a/payload_index/qd10inocp4kdi06e5r6e004b-_sync_st-map/page_0.dat
7fc1df200000-7fc1df300000 rw-s 00000000 00:23 185608                     /tmp/edgememo-12b13-3953861547481023442/segments/467f16de-056d-41e4-8480-bb610514fd5a/payload_index/qd10inocp4kdi06e5r6e004b-_sync_st-map/tracker.dat
7fc1df300000-7fc1df400000 rw-s 00000000 00:23 185604                     /tmp/edgememo-12b13-3953861547481023442/segments/467f16de-056d-41e4-8480-bb610514fd5a/payload_index/qd10inocp4kdi06e5r6e004b-_sync_st-null/is_null/flags_a.dat
7fc1df400000-7fc1df800000 r--s 00000000 00:23 185591                     /tmp/edgememo-12b13-3953861547481023442/segments/467f16de-056d-41e4-8480-bb610514fd5a/payload_index/uoqpv2nkd2lq26j4jq6p8tv9-_sync_de-map/page_0.dat
7fc1df800000-7fc1dfc00000 rw-s 00000000 00:23 185591                     /tmp/edgememo-12b13-3953861547481023442/segments/467f16de-056d-41e4-8480-bb610514fd5a/payload_index/uoqpv2nkd2lq26j4jq6p8tv9-_sync_de-map/page_0.dat
7fc1dfc00000-7fc1dfd00000 rw-s 00000000 00:23 185601                     /tmp/edgememo-12b13-3953861547481023442/segments/467f16de-056d-41e4-8480-bb610514fd5a/payload_index/qd10inocp4kdi06e5r6e004b-_sync_st-null/has_values/flags_a.dat
7fc1dfd00000-7fc1dfe00000 rw-s 00000000 00:23 185590                     /tmp/edgememo-12b13-3953861547481023442/segments/467f16de-056d-41e4-8480-bb610514fd5a/payload_index/uoqpv2nkd2lq26j4jq6p8tv9-_sync_de-map/tracker.dat
7fc1dfe00000-7fc1dff00000 rw-s 00000000 00:23 185586                     /tmp/edgememo-12b13-3953861547481023442/segments/467f16de-056d-41e4-8480-bb610514fd5a/payload_index/uoqpv2nkd2lq26j4jq6p8tv9-_sync_de-null/is_null/flags_a.dat
7fc1dff00000-7fc1e0000000 rw-s 00000000 00:23 185583                     /tmp/edgememo-12b13-3953861547481023442/segments/467f16de-056d-41e4-8480-bb610514fd5a/payload_index/uoqpv2nkd2lq26j4jq6p8tv9-_sync_de-null/has_values/flags_a.dat
7fc1e0000000-7fc1e0400000 r--s 00000000 00:23 185573                     /tmp/edgememo-12b13-3953861547481023442/segments/467f16de-056d-41e4-8480-bb610514fd5a/payload_index/umsm8dr4uif8js5btcq1rrb2-_source-map/page_0.dat
7fc1e0400000-7fc1e0800000 rw-s 00000000 00:23 185573                     /tmp/edgememo-12b13-3953861547481023442/segments/467f16de-056d-41e4-8480-bb610514fd5a/payload_index/umsm8dr4uif8js5btcq1rrb2-_source-map/page_0.dat
7fc1e0800000-7fc1e0900000 rw-s 00000000 00:23 185572                     /tmp/edgememo-12b13-3953861547481023442/segments/467f16de-056d-41e4-8480-bb610514fd5a/payload_index/umsm8dr4uif8js5btcq1rrb2-_source-map/tracker.dat
7fc1e0900000-7fc1e0a00000 rw-s 00000000 00:23 185568                     /tmp/edgememo-12b13-3953861547481023442/segments/467f16de-056d-41e4-8480-bb610514fd5a/payload_index/umsm8dr4uif8js5btcq1rrb2-_source-null/is_null/flags_a.dat
7fc1e0a00000-7fc1e0c00000 r--s 00000000 00:23 185555                     /tmp/edgememo-12b13-3953861547481023442/segments/467f16de-056d-41e4-8480-bb610514fd5a/payload_index/7aohgnd4p5bgqvpdbv6jflf0-_updated-numeric/page_0.dat
7fc1e0c00000-7fc1e0e00000 rw-s 00000000 00:23 185555                     /tmp/edgememo-12b13-3953861547481023442/segments/467f16de-056d-41e4-8480-bb610514fd5a/payload_index/7aohgnd4p5bgqvpdbv6jflf0-_updated-numeric/page_0.dat
7fc1e0e00000-7fc1e0f00000 rw-s 00000000 00:23 185565                     /tmp/edgememo-12b13-3953861547481023442/segments/467f16de-056d-41e4-8480-bb610514fd5a/payload_index/umsm8dr4uif8js5btcq1rrb2-_source-null/has_values/flags_a.dat
7fc1e0f00000-7fc1e1000000 rw-s 00000000 00:23 185554                     /tmp/edgememo-12b13-3953861547481023442/segments/467f16de-056d-41e4-8480-bb610514fd5a/payload_index/7aohgnd4p5bgqvpdbv6jflf0-_updated-numeric/tracker.dat
7fc1e1000000-7fc1e1200000 r--s 00000000 00:23 185548                     /tmp/edgememo-12b13-3953861547481023442/segments/467f16de-056d-41e4-8480-bb610514fd5a/payload_index/7aohgnd4p5bgqvpdbv6jflf0-_updated-map/page_0.dat
7fc1e1200000-7fc1e1400000 rw-s 00000000 00:23 185548                     /tmp/edgememo-12b13-3953861547481023442/segments/467f16de-056d-41e4-8480-bb610514fd5a/payload_index/7aohgnd4p5bgqvpdbv6jflf0-_updated-map/page_0.dat
7fc1e1400000-7fc1e1500000 rw-s 00000000 00:23 185547                     /tmp/edgememo-12b13-3953861547481023442/segments/467f16de-056d-41e4-8480-bb610514fd5a/payload_index/7aohgnd4p5bgqvpdbv6jflf0-_updated-map/tracker.dat
7fc1e1500000-7fc1e1600000 rw-s 00000000 00:23 185543                     /tmp/edgememo-12b13-3953861547481023442/segments/467f16de-056d-41e4-8480-bb610514fd5a/payload_index/7aohgnd4p5bgqvpdbv6jflf0-_updated-null/is_null/flags_a.dat
7fc1e1600000-7fc1e1800000 r--s 00000000 00:23 185530                     /tmp/edgememo-12b13-3953861547481023442/segments/467f16de-056d-41e4-8480-bb610514fd5a/payload_index/dkspn77eo5kcq13l57mufauc-_created-numeric/page_0.dat
7fc1e1800000-7fc1e1a00000 rw-s 00000000 00:23 185530                     /tmp/edgememo-12b13-3953861547481023442/segments/467f16de-056d-41e4-8480-bb610514fd5a/payload_index/dkspn77eo5kcq13l57mufauc-_created-numeric/page_0.dat
7fc1e1a00000-7fc1e1b00000 rw-s 00000000 00:23 185540                     /tmp/edgememo-12b13-3953861547481023442/segments/467f16de-056d-41e4-8480-bb610514fd5a/payload_index/7aohgnd4p5bgqvpdbv6jflf0-_updated-null/has_values/flags_a.dat
7fc1e1b00000-7fc1e1c00000 rw-s 00000000 00:23 185529                     /tmp/edgememo-12b13-3953861547481023442/segments/467f16de-056d-41e4-8480-bb610514fd5a/payload_index/dkspn77eo5kcq13l57mufauc-_created-numeric/tracker.dat
7fc1e1c00000-7fc1e1e00000 r--s 00000000 00:23 185523                     /tmp/edgememo-12b13-3953861547481023442/segments/467f16de-056d-41e4-8480-bb610514fd5a/payload_index/dkspn77eo5kcq13l57mufauc-_created-map/page_0.dat
7fc1e1e00000-7fc1e2000000 rw-s 00000000 00:23 185523                     /tmp/edgememo-12b13-3953861547481023442/segments/467f16de-056d-41e4-8480-bb610514fd5a/payload_index/dkspn77eo5kcq13l57mufauc-_created-map/page_0.dat
7fc1e2000000-7fc1e2100000 rw-s 00000000 00:23 185522                     /tmp/edgememo-12b13-3953861547481023442/segments/467f16de-056d-41e4-8480-bb610514fd5a/payload_index/dkspn77eo5kcq13l57mufauc-_created-map/tracker.dat
7fc1e2100000-7fc1e2200000 rw-s 00000000 00:23 185518                     /tmp/edgememo-12b13-3953861547481023442/segments/467f16de-056d-41e4-8480-bb610514fd5a/payload_index/dkspn77eo5kcq13l57mufauc-_created-null/is_null/flags_a.dat
7fc1e2200000-7fc1e2400000 r--s 00000000 00:23 185505                     /tmp/edgememo-12b13-3953861547481023442/segments/467f16de-056d-41e4-8480-bb610514fd5a/payload_index/0au8ulopcsb7jffkcqcu13eo-_version-numeric/page_0.dat
7fc1e2400000-7fc1e2600000 rw-s 00000000 00:23 185505                     /tmp/edgememo-12b13-3953861547481023442/segments/467f16de-056d-41e4-8480-bb610514fd5a/payload_index/0au8ulopcsb7jffkcqcu13eo-_version-numeric/page_0.dat
7fc1e2600000-7fc1e2700000 rw-s 00000000 00:23 185515                     /tmp/edgememo-12b13-3953861547481023442/segments/467f16de-056d-41e4-8480-bb610514fd5a/payload_index/dkspn77eo5kcq13l57mufauc-_created-null/has_values/flags_a.dat
7fc1e2700000-7fc1e2800000 rw-s 00000000 00:23 185504                     /tmp/edgememo-12b13-3953861547481023442/segments/467f16de-056d-41e4-8480-bb610514fd5a/payload_index/0au8ulopcsb7jffkcqcu13eo-_version-numeric/tracker.dat
7fc1e2800000-7fc1e2a00000 r--s 00000000 00:23 185498                     /tmp/edgememo-12b13-3953861547481023442/segments/467f16de-056d-41e4-8480-bb610514fd5a/payload_index/0au8ulopcsb7jffkcqcu13eo-_version-map/page_0.dat
7fc1e2a00000-7fc1e2c00000 rw-s 00000000 00:23 185498                     /tmp/edgememo-12b13-3953861547481023442/segments/467f16de-056d-41e4-8480-bb610514fd5a/payload_index/0au8ulopcsb7jffkcqcu13eo-_version-map/page_0.dat
7fc1e2c00000-7fc1e2d00000 rw-s 00000000 00:23 185497                     /tmp/edgememo-12b13-3953861547481023442/segments/467f16de-056d-41e4-8480-bb610514fd5a/payload_index/0au8ulopcsb7jffkcqcu13eo-_version-map/tracker.dat
7fc1e2d00000-7fc1e2e00000 rw-s 00000000 00:23 185493                     /tmp/edgememo-12b13-3953861547481023442/segments/467f16de-056d-41e4-8480-bb610514fd5a/payload_index/0au8ulopcsb7jffkcqcu13eo-_version-null/is_null/flags_a.dat
7fc1e2e00000-7fc1e3200000 r--s 00000000 00:23 185480                     /tmp/edgememo-12b13-3953861547481023442/segments/467f16de-056d-41e4-8480-bb610514fd5a/payload_index/ekdt203muqqu0uadi4l3g69m-_entity_-map/page_0.dat
7fc1e3200000-7fc1e3600000 rw-s 00000000 00:23 185480                     /tmp/edgememo-12b13-3953861547481023442/segments/467f16de-056d-41e4-8480-bb610514fd5a/payload_index/ekdt203muqqu0uadi4l3g69m-_entity_-map/page_0.dat
7fc1e3600000-7fc1e3700000 rw-s 00000000 00:23 185490                     /tmp/edgememo-12b13-3953861547481023442/segments/467f16de-056d-41e4-8480-bb610514fd5a/payload_index/0au8ulopcsb7jffkcqcu13eo-_version-null/has_values/flags_a.dat
7fc1e3700000-7fc1e3800000 rw-s 00000000 00:23 185479                     /tmp/edgememo-12b13-3953861547481023442/segments/467f16de-056d-41e4-8480-bb610514fd5a/payload_index/ekdt203muqqu0uadi4l3g69m-_entity_-map/tracker.dat
7fc1e3800000-7fc1e3900000 rw-s 00000000 00:23 185475                     /tmp/edgememo-12b13-3953861547481023442/segments/467f16de-056d-41e4-8480-bb610514fd5a/payload_index/ekdt203muqqu0uadi4l3g69m-_entity_-null/is_null/flags_a.dat
7fc1e3900000-7fc1e3a00000 rw-s 00000000 00:23 185472                     /tmp/edgememo-12b13-3953861547481023442/segments/467f16de-056d-41e4-8480-bb610514fd5a/payload_index/ekdt203muqqu0uadi4l3g69m-_entity_-null/has_values/flags_a.dat
7fc1e3a00000-7fc1e3e00000 r--s 00000000 00:23 185462                     /tmp/edgememo-12b13-3953861547481023442/segments/467f16de-056d-41e4-8480-bb610514fd5a/payload_index/vc7dt0eenf994cahpe3c6c66-_record_-map/page_0.dat
7fc1e3e00000-7fc1e4200000 rw-s 00000000 00:23 185462                     /tmp/edgememo-12b13-3953861547481023442/segments/467f16de-056d-41e4-8480-bb610514fd5a/payload_index/vc7dt0eenf994cahpe3c6c66-_record_-map/page_0.dat
7fc1e42a0000-7fc1e43a0000 rw-s 00000000 00:23 185461                     /tmp/edgememo-12b13-3953861547481023442/segments/467f16de-056d-41e4-8480-bb610514fd5a/payload_index/vc7dt0eenf994cahpe3c6c66-_record_-map/tracker.dat
7fc1e43a0000-7fc1e44a0000 rw-s 00000000 00:23 185457                     /tmp/edgememo-12b13-3953861547481023442/segments/467f16de-056d-41e4-8480-bb610514fd5a/payload_index/vc7dt0eenf994cahpe3c6c66-_record_-null/is_null/flags_a.dat
7fc1e44a0000-7fc1e45a0000 rw-s 00000000 00:23 185454                     /tmp/edgememo-12b13-3953861547481023442/segments/467f16de-056d-41e4-8480-bb610514fd5a/payload_index/vc7dt0eenf994cahpe3c6c66-_record_-null/has_values/flags_a.dat
7fc1e45a0000-7fc1f0600000 rw-p 00000000 00:00 0 
7fc1f0600000-7fc1f2600000 r--s 00000000 00:23 185429                     /tmp/edgememo-12b13-3953861547481023442/segments/467f16de-056d-41e4-8480-bb610514fd5a/payload_storage/page_0.dat
7fc1f2600000-7fc1f4600000 rw-s 00000000 00:23 185429                     /tmp/edgememo-12b13-3953861547481023442/segments/467f16de-056d-41e4-8480-bb610514fd5a/payload_storage/page_0.dat
7fc1f4600000-7fc1f4700000 rw-s 00000000 00:23 185439                     /tmp/edgememo-12b13-3953861547481023442/segments/467f16de-056d-41e4-8480-bb610514fd5a/vector_storage-semantic/deleted/flags_a.dat
7fc1f4700000-7fc1f4800000 rw-s 00000000 00:23 185428                     /tmp/edgememo-12b13-3953861547481023442/segments/467f16de-056d-41e4-8480-bb610514fd5a/payload_storage/tracker.dat
7fc1f4800000-7fc1f4c00000 rw-s 00000000 00:23 185423                     /tmp/edgememo-12b13-3953861547481023442/wal/open-2
7fc1f4c00000-7fc1f5000000 rw-s 00000000 00:23 185419                     /tmp/edgememo-12b13-3953861547481023442/wal/open-1
7fc1f50ab000-7fc1f52ad000 rw-p 00000000 00:00 0 
7fc1f52ad000-7fc1f52b1000 ---p 00000000 00:00 0 
7fc1f52b1000-7fc1f6dbb000 rw-p 00000000 00:00 0 
7fc1f6dbb000-7fc1f6dbf000 ---p 00000000 00:00 0 
7fc1f6dbf000-7fc1f6ebb000 rw-p 00000000 00:00 0 
7fc1f6ec0000-7fc1fef00000 rw-p 00000000 00:00 0 
7fc1fef00000-7fc1ff000000 rw-s 00000000 00:23 184982                     /tmp/edgememo-12b13-10295191522316359974/segments/a589c579-636a-401b-9df5-6084aec3cb84/payload_index/kp6pejua5nain3c65odi2n63-_authori-null/is_null/flags_a.dat
7fc1ff000000-7fc1ff400000 r--s 00000000 00:23 184987                     /tmp/edgememo-12b13-10295191522316359974/segments/a589c579-636a-401b-9df5-6084aec3cb84/payload_index/kp6pejua5nain3c65odi2n63-_authori-map/page_0.dat
7fc1ff400000-7fc1ff800000 rw-s 00000000 00:23 184987                     /tmp/edgememo-12b13-10295191522316359974/segments/a589c579-636a-401b-9df5-6084aec3cb84/payload_index/kp6pejua5nain3c65odi2n63-_authori-map/page_0.dat
7fc1ff800000-7fc1ff900000 rw-s 00000000 00:23 184979                     /tmp/edgememo-12b13-10295191522316359974/segments/a589c579-636a-401b-9df5-6084aec3cb84/payload_index/kp6pejua5nain3c65odi2n63-_authori-null/has_values/flags_a.dat
7fc1ff900000-7fc1ffa00000 rw-s 00000000 00:23 184986                     /tmp/edgememo-12b13-10295191522316359974/segments/a589c579-636a-401b-9df5-6084aec3cb84/payload_index/kp6pejua5nain3c65odi2n63-_authori-map/tracker.dat
7fc1ffa00000-7fc1ffb00000 rw-s 00000000 00:23 184720                     /tmp/edgememo-12b13-10295191522316359974/segments/a589c579-636a-401b-9df5-6084aec3cb84/payload_index/ekdt203muqqu0uadi4l3g69m-_entity_-null/is_null/flags_a.dat
7fc1ffb00000-7fc1ffc00000 rw-s 00000000 00:23 184717                     /tmp/edgememo-12b13-10295191522316359974/segments/a589c579-636a-401b-9df5-6084aec3cb84/payload_index/ekdt203muqqu0uadi4l3g69m-_entity_-null/has_values/flags_a.dat
7fc1ffc00000-7fc200000000 r--s 00000000 00:23 184725                     /tmp/edgememo-12b13-10295191522316359974/segments/a589c579-636a-401b-9df5-6084aec3cb84/payload_index/ekdt203muqqu0uadi4l3g69m-_entity_-map/page_0.dat
7fc200000000-7fc200400000 rw-s 00000000 00:23 184725                     /tmp/edgememo-12b13-10295191522316359974/segments/a589c579-636a-401b-9df5-6084aec3cb84/payload_index/ekdt203muqqu0uadi4l3g69m-_entity_-map/page_0.dat
7fc200400000-7fc200500000 rw-s 00000000 00:23 184724                     /tmp/edgememo-12b13-10295191522316359974/segments/a589c579-636a-401b-9df5-6084aec3cb84/payload_index/ekdt203muqqu0uadi4l3g69m-_entity_-map/tracker.dat
7fc200500000-7fc200600000 rw-s 00000000 00:23 185000                     /tmp/edgememo-12b13-10295191522316359974/segments/a589c579-636a-401b-9df5-6084aec3cb84/payload_index/jac5dcijutp4jmid2lduq0cp-operatio-null/is_null/flags_a.dat
7fc200600000-7fc200a00000 r--s 00000000 00:23 185005                     /tmp/edgememo-12b13-10295191522316359974/segments/a589c579-636a-401b-9df5-6084aec3cb84/payload_index/jac5dcijutp4jmid2lduq0cp-operatio-map/page_0.dat
7fc200a00000-7fc200e00000 rw-s 00000000 00:23 185005                     /tmp/edgememo-12b13-10295191522316359974/segments/a589c579-636a-401b-9df5-6084aec3cb84/payload_index/jac5dcijutp4jmid2lduq0cp-operatio-map/page_0.dat
7fc200e00000-7fc200f00000 rw-s 00000000 00:23 184997                     /tmp/edgememo-12b13-10295191522316359974/segments/a589c579-636a-401b-9df5-6084aec3cb84/payload_index/jac5dcijutp4jmid2lduq0cp-operatio-null/has_values/flags_a.dat
7fc200f00000-7fc201000000 rw-s 00000000 00:23 185004                     /tmp/edgememo-12b13-10295191522316359974/segments/a589c579-636a-401b-9df5-6084aec3cb84/payload_index/jac5dcijutp4jmid2lduq0cp-operatio-map/tracker.dat
7fc201000000-7fc201100000 rw-s 00000000 00:23 185079                     /tmp/edgememo-12b13-10295191522316359974/segments/a589c579-636a-401b-9df5-6084aec3cb84/payload_index/l206gjn3ilfoiq0fka0dd2sh-_last_sy-null/is_null/flags_a.dat
7fc201100000-7fc201200000 rw-s 00000000 00:23 185076                     /tmp/edgememo-12b13-10295191522316359974/segments/a589c579-636a-401b-9df5-6084aec3cb84/payload_index/l206gjn3ilfoiq0fka0dd2sh-_last_sy-null/has_values/flags_a.dat
7fc201200000-7fc201400000 r--s 00000000 00:23 185091                     /tmp/edgememo-12b13-10295191522316359974/segments/a589c579-636a-401b-9df5-6084aec3cb84/payload_index/l206gjn3ilfoiq0fka0dd2sh-_last_sy-numeric/page_0.dat
7fc201400000-7fc201600000 rw-s 00000000 00:23 185091                     /tmp/edgememo-12b13-10295191522316359974/segments/a589c579-636a-401b-9df5-6084aec3cb84/payload_index/l206gjn3ilfoiq0fka0dd2sh-_last_sy-numeric/page_0.dat
7fc201600000-7fc201800000 r--s 00000000 00:23 185084                     /tmp/edgememo-12b13-10295191522316359974/segments/a589c579-636a-401b-9df5-6084aec3cb84/payload_index/l206gjn3ilfoiq0fka0dd2sh-_last_sy-map/page_0.dat
7fc201800000-7fc201a00000 rw-s 00000000 00:23 185084                     /tmp/edgememo-12b13-10295191522316359974/segments/a589c579-636a-401b-9df5-6084aec3cb84/payload_index/l206gjn3ilfoiq0fka0dd2sh-_last_sy-map/page_0.dat
7fc201a00000-7fc201b00000 rw-s 00000000 00:23 185090                     /tmp/edgememo-12b13-10295191522316359974/segments/a589c579-636a-401b-9df5-6084aec3cb84/payload_index/l206gjn3ilfoiq0fka0dd2sh-_last_sy-numeric/tracker.dat
7fc201b00000-7fc201c00000 rw-s 00000000 00:23 185083                     /tmp/edgememo-12b13-10295191522316359974/segments/a589c579-636a-401b-9df5-6084aec3cb84/payload_index/l206gjn3ilfoiq0fka0dd2sh-_last_sy-map/tracker.dat
7fc201c00000-7fc201d00000 rw-s 00000000 00:23 185248                     /tmp/edgememo-12b13-10295191522316359974/segments/a589c579-636a-401b-9df5-6084aec3cb84/payload_index/0su1cd64ir6rciehlvga64lr-status-null/is_null/flags_a.dat
7fc201d00000-7fc201e00000 rw-s 00000000 00:23 185245                     /tmp/edgememo-12b13-10295191522316359974/segments/a589c579-636a-401b-9df5-6084aec3cb84/payload_index/0su1cd64ir6rciehlvga64lr-status-null/has_values/flags_a.dat
7fc201e00000-7fc202200000 r--s 00000000 00:23 185253                     /tmp/edgememo-12b13-10295191522316359974/segments/a589c579-636a-401b-9df5-6084aec3cb84/payload_index/0su1cd64ir6rciehlvga64lr-status-map/page_0.dat
7fc202200000-7fc202600000 rw-s 00000000 00:23 185253                     /tmp/edgememo-12b13-10295191522316359974/segments/a589c579-636a-401b-9df5-6084aec3cb84/payload_index/0su1cd64ir6rciehlvga64lr-status-map/page_0.dat
7fc202600000-7fc202700000 rw-s 00000000 00:23 185252                     /tmp/edgememo-12b13-10295191522316359974/segments/a589c579-636a-401b-9df5-6084aec3cb84/payload_index/0su1cd64ir6rciehlvga64lr-status-map/tracker.dat
7fc202700000-7fc202800000 rw-s 00000000 00:23 185230                     /tmp/edgememo-12b13-10295191522316359974/segments/a589c579-636a-401b-9df5-6084aec3cb84/payload_index/p67l9paljaamh1q9qfng0a8e-severity-null/is_null/flags_a.dat
7fc202800000-7fc202c00000 r--s 00000000 00:23 185235                     /tmp/edgememo-12b13-10295191522316359974/segments/a589c579-636a-401b-9df5-6084aec3cb84/payload_index/p67l9paljaamh1q9qfng0a8e-severity-map/page_0.dat
7fc202c00000-7fc203000000 rw-s 00000000 00:23 185235                     /tmp/edgememo-12b13-10295191522316359974/segments/a589c579-636a-401b-9df5-6084aec3cb84/payload_index/p67l9paljaamh1q9qfng0a8e-severity-map/page_0.dat
7fc203000000-7fc203100000 rw-s 00000000 00:23 185227                     /tmp/edgememo-12b13-10295191522316359974/segments/a589c579-636a-401b-9df5-6084aec3cb84/payload_index/p67l9paljaamh1q9qfng0a8e-severity-null/has_values/flags_a.dat
7fc203100000-7fc203200000 rw-s 00000000 00:23 185234                     /tmp/edgememo-12b13-10295191522316359974/segments/a589c579-636a-401b-9df5-6084aec3cb84/payload_index/p67l9paljaamh1q9qfng0a8e-severity-map/tracker.dat
7fc203200000-7fc203300000 rw-s 00000000 00:23 184702                     /tmp/edgememo-12b13-10295191522316359974/segments/a589c579-636a-401b-9df5-6084aec3cb84/payload_index/vc7dt0eenf994cahpe3c6c66-_record_-null/is_null/flags_a.dat
7fc203300000-7fc203400000 rw-s 00000000 00:23 184699                     /tmp/edgememo-12b13-10295191522316359974/segments/a589c579-636a-401b-9df5-6084aec3cb84/payload_index/vc7dt0eenf994cahpe3c6c66-_record_-null/has_values/flags_a.dat
7fc203400000-7fc203800000 r--s 00000000 00:23 184707                     /tmp/edgememo-12b13-10295191522316359974/segments/a589c579-636a-401b-9df5-6084aec3cb84/payload_index/vc7dt0eenf994cahpe3c6c66-_record_-map/page_0.dat
7fc203800000-7fc203c00000 rw-s 00000000 00:23 184707                     /tmp/edgememo-12b13-10295191522316359974/segments/a589c579-636a-401b-9df5-6084aec3cb84/payload_index/vc7dt0eenf994cahpe3c6c66-_record_-map/page_0.dat
7fc203c00000-7fc203d00000 rw-s 00000000 00:23 184706                     /tmp/edgememo-12b13-10295191522316359974/segments/a589c579-636a-401b-9df5-6084aec3cb84/payload_index/vc7dt0eenf994cahpe3c6c66-_record_-map/tracker.dat
7fc203d00000-7fc203e00000 rw-s 00000000 00:23 185284                     /tmp/edgememo-12b13-10295191522316359974/segments/a589c579-636a-401b-9df5-6084aec3cb84/payload_index/o7e7rps0lhrk8nbfpo27kahq-part_id-null/is_null/flags_a.dat
7fc203e00000-7fc204200000 r--s 00000000 00:23 185289                     /tmp/edgememo-12b13-10295191522316359974/segments/a589c579-636a-401b-9df5-6084aec3cb84/payload_index/o7e7rps0lhrk8nbfpo27kahq-part_id-map/page_0.dat
7fc204200000-7fc204600000 rw-s 00000000 00:23 185289                     /tmp/edgememo-12b13-10295191522316359974/segments/a589c579-636a-401b-9df5-6084aec3cb84/payload_index/o7e7rps0lhrk8nbfpo27kahq-part_id-map/page_0.dat
7fc204600000-7fc204700000 rw-s 00000000 00:23 185281                     /tmp/edgememo-12b13-10295191522316359974/segments/a589c579-636a-401b-9df5-6084aec3cb84/payload_index/o7e7rps0lhrk8nbfpo27kahq-part_id-null/has_values/flags_a.dat
7fc204700000-7fc204800000 rw-s 00000000 00:23 185288                     /tmp/edgememo-12b13-10295191522316359974/segments/a589c579-636a-401b-9df5-6084aec3cb84/payload_index/o7e7rps0lhrk8nbfpo27kahq-part_id-map/tracker.dat
7fc204800000-7fc204900000 rw-s 00000000 00:23 184831                     /tmp/edgememo-12b13-10295191522316359974/segments/a589c579-636a-401b-9df5-6084aec3cb84/payload_index/uoqpv2nkd2lq26j4jq6p8tv9-_sync_de-null/is_null/flags_a.dat
7fc204900000-7fc204a00000 rw-s 00000000 00:23 184828                     /tmp/edgememo-12b13-10295191522316359974/segments/a589c579-636a-401b-9df5-6084aec3cb84/payload_index/uoqpv2nkd2lq26j4jq6p8tv9-_sync_de-null/has_values/flags_a.dat
7fc204a00000-7fc204e00000 r--s 00000000 00:23 184836                     /tmp/edgememo-12b13-10295191522316359974/segments/a589c579-636a-401b-9df5-6084aec3cb84/payload_index/uoqpv2nkd2lq26j4jq6p8tv9-_sync_de-map/page_0.dat
7fc204e00000-7fc205200000 rw-s 00000000 00:23 184836                     /tmp/edgememo-12b13-10295191522316359974/segments/a589c579-636a-401b-9df5-6084aec3cb84/payload_index/uoqpv2nkd2lq26j4jq6p8tv9-_sync_de-map/page_0.dat
7fc205200000-7fc205300000 rw-s 00000000 00:23 184835                     /tmp/edgememo-12b13-10295191522316359974/segments/a589c579-636a-401b-9df5-6084aec3cb84/payload_index/uoqpv2nkd2lq26j4jq6p8tv9-_sync_de-map/tracker.dat
7fc205300000-7fc205400000 rw-s 00000000 00:23 184939                     /tmp/edgememo-12b13-10295191522316359974/segments/a589c579-636a-401b-9df5-6084aec3cb84/payload_index/r3p3el5qnupkclo36d7fnbp5-_deleted-null/is_null/flags_a.dat
7fc205400000-7fc205600000 r--s 00000000 00:23 184951                     /tmp/edgememo-12b13-10295191522316359974/segments/a589c579-636a-401b-9df5-6084aec3cb84/payload_index/r3p3el5qnupkclo36d7fnbp5-_deleted-numeric/page_0.dat
7fc205600000-7fc205800000 rw-s 00000000 00:23 184951                     /tmp/edgememo-12b13-10295191522316359974/segments/a589c579-636a-401b-9df5-6084aec3cb84/payload_index/r3p3el5qnupkclo36d7fnbp5-_deleted-numeric/page_0.dat
7fc205800000-7fc205900000 rw-s 00000000 00:23 184936                     /tmp/edgememo-12b13-10295191522316359974/segments/a589c579-636a-401b-9df5-6084aec3cb84/payload_index/r3p3el5qnupkclo36d7fnbp5-_deleted-null/has_values/flags_a.dat
7fc205900000-7fc205a00000 rw-s 00000000 00:23 184950                     /tmp/edgememo-12b13-10295191522316359974/segments/a589c579-636a-401b-9df5-6084aec3cb84/payload_index/r3p3el5qnupkclo36d7fnbp5-_deleted-numeric/tracker.dat
7fc205a00000-7fc205c00000 r--s 00000000 00:23 184944                     /tmp/edgememo-12b13-10295191522316359974/segments/a589c579-636a-401b-9df5-6084aec3cb84/payload_index/r3p3el5qnupkclo36d7fnbp5-_deleted-map/page_0.dat
7fc205c00000-7fc205e00000 rw-s 00000000 00:23 184944                     /tmp/edgememo-12b13-10295191522316359974/segments/a589c579-636a-401b-9df5-6084aec3cb84/payload_index/r3p3el5qnupkclo36d7fnbp5-_deleted-map/page_0.dat
7fc205e00000-7fc205f00000 rw-s 00000000 00:23 184943                     /tmp/edgememo-12b13-10295191522316359974/segments/a589c579-636a-401b-9df5-6084aec3cb84/payload_index/r3p3el5qnupkclo36d7fnbp5-_deleted-map/tracker.dat
7fc205f00000-7fc206000000 rw-s 00000000 00:23 185176                     /tmp/edgememo-12b13-10295191522316359974/segments/a589c579-636a-401b-9df5-6084aec3cb84/payload_index/72ks3pp1b16q515p1jna9rbu-line-null/is_null/flags_a.dat
7fc206000000-7fc206400000 r--s 00000000 00:23 185181                     /tmp/edgememo-12b13-10295191522316359974/segments/a589c579-636a-401b-9df5-6084aec3cb84/payload_index/72ks3pp1b16q515p1jna9rbu-line-map/page_0.dat
7fc206400000-7fc206800000 rw-s 00000000 00:23 185181                     /tmp/edgememo-12b13-10295191522316359974/segments/a589c579-636a-401b-9df5-6084aec3cb84/payload_index/72ks3pp1b16q515p1jna9rbu-line-map/page_0.dat
7fc206800000-7fc206900000 rw-s 00000000 00:23 185173                     /tmp/edgememo-12b13-10295191522316359974/segments/a589c579-636a-401b-9df5-6084aec3cb84/payload_index/72ks3pp1b16q515p1jna9rbu-line-null/has_values/flags_a.dat
7fc206900000-7fc206a00000 rw-s 00000000 00:23 185180                     /tmp/edgememo-12b13-10295191522316359974/segments/a589c579-636a-401b-9df5-6084aec3cb84/payload_index/72ks3pp1b16q515p1jna9rbu-line-map/tracker.dat
7fc206a00000-7fc206b00000 rw-s 00000000 00:23 184849                     /tmp/edgememo-12b13-10295191522316359974/segments/a589c579-636a-401b-9df5-6084aec3cb84/payload_index/qd10inocp4kdi06e5r6e004b-_sync_st-null/is_null/flags_a.dat
7fc206b00000-7fc206c00000 rw-s 00000000 00:23 184846                     /tmp/edgememo-12b13-10295191522316359974/segments/a589c579-636a-401b-9df5-6084aec3cb84/payload_index/qd10inocp4kdi06e5r6e004b-_sync_st-null/has_values/flags_a.dat
7fc206c00000-7fc207000000 r--s 00000000 00:23 184854                     /tmp/edgememo-12b13-10295191522316359974/segments/a589c579-636a-401b-9df5-6084aec3cb84/payload_index/qd10inocp4kdi06e5r6e004b-_sync_st-map/page_0.dat
7fc207000000-7fc207400000 rw-s 00000000 00:23 184854                     /tmp/edgememo-12b13-10295191522316359974/segments/a589c579-636a-401b-9df5-6084aec3cb84/payload_index/qd10inocp4kdi06e5r6e004b-_sync_st-map/page_0.dat
7fc207400000-7fc207500000 rw-s 00000000 00:23 184853                     /tmp/edgememo-12b13-10295191522316359974/segments/a589c579-636a-401b-9df5-6084aec3cb84/payload_index/qd10inocp4kdi06e5r6e004b-_sync_st-map/tracker.dat
7fc207500000-7fc207600000 rw-s 00000000 00:23 185140                     /tmp/edgememo-12b13-10295191522316359974/segments/a589c579-636a-401b-9df5-6084aec3cb84/payload_index/r7joqdbkcnomelo3flal247h-machine_-null/is_null/flags_a.dat
7fc207600000-7fc207a00000 r--s 00000000 00:23 185145                     /tmp/edgememo-12b13-10295191522316359974/segments/a589c579-636a-401b-9df5-6084aec3cb84/payload_index/r7joqdbkcnomelo3flal247h-machine_-map/page_0.dat
7fc207a00000-7fc207e00000 rw-s 00000000 00:23 185145                     /tmp/edgememo-12b13-10295191522316359974/segments/a589c579-636a-401b-9df5-6084aec3cb84/payload_index/r7joqdbkcnomelo3flal247h-machine_-map/page_0.dat
7fc207e00000-7fc207f00000 rw-s 00000000 00:23 185137                     /tmp/edgememo-12b13-10295191522316359974/segments/a589c579-636a-401b-9df5-6084aec3cb84/payload_index/r7joqdbkcnomelo3flal247h-machine_-null/has_values/flags_a.dat
7fc207f00000-7fc208000000 rw-s 00000000 00:23 185144                     /tmp/edgememo-12b13-10295191522316359974/segments/a589c579-636a-401b-9df5-6084aec3cb84/payload_index/r7joqdbkcnomelo3flal247h-machine_-map/tracker.dat
7fc208000000-7fc208100000 rw-s 00000000 00:23 184867                     /tmp/edgememo-12b13-10295191522316359974/segments/a589c579-636a-401b-9df5-6084aec3cb84/payload_index/30pt7bb3tk7amm4vtcjpt41c-_subject-null/is_null/flags_a.dat
7fc208100000-7fc208200000 rw-s 00000000 00:23 184864                     /tmp/edgememo-12b13-10295191522316359974/segments/a589c579-636a-401b-9df5-6084aec3cb84/payload_index/30pt7bb3tk7amm4vtcjpt41c-_subject-null/has_values/flags_a.dat
7fc208200000-7fc208600000 r--s 00000000 00:23 184872                     /tmp/edgememo-12b13-10295191522316359974/segments/a589c579-636a-401b-9df5-6084aec3cb84/payload_index/30pt7bb3tk7amm4vtcjpt41c-_subject-map/page_0.dat
7fc208600000-7fc208a00000 rw-s 00000000 00:23 184872                     /tmp/edgememo-12b13-10295191522316359974/segments/a589c579-636a-401b-9df5-6084aec3cb84/payload_index/30pt7bb3tk7amm4vtcjpt41c-_subject-map/page_0.dat
7fc208a00000-7fc208b00000 rw-s 00000000 00:23 184871                     /tmp/edgememo-12b13-10295191522316359974/segments/a589c579-636a-401b-9df5-6084aec3cb84/payload_index/30pt7bb3tk7amm4vtcjpt41c-_subject-map/tracker.dat
7fc208b00000-7fc208c00000 rw-s 00000000 00:23 184903                     /tmp/edgememo-12b13-10295191522316359974/segments/a589c579-636a-401b-9df5-6084aec3cb84/payload_index/igaflpg374vfc9ai18mlthee-_superse-null/is_null/flags_a.dat
7fc208c00000-7fc209000000 r--s 00000000 00:23 184908                     /tmp/edgememo-12b13-10295191522316359974/segments/a589c579-636a-401b-9df5-6084aec3cb84/payload_index/igaflpg374vfc9ai18mlthee-_superse-map/page_0.dat
7fc209000000-7fc209400000 rw-s 00000000 00:23 184908                     /tmp/edgememo-12b13-10295191522316359974/segments/a589c579-636a-401b-9df5-6084aec3cb84/payload_index/igaflpg374vfc9ai18mlthee-_superse-map/page_0.dat
7fc209400000-7fc209500000 rw-s 00000000 00:23 184900                     /tmp/edgememo-12b13-10295191522316359974/segments/a589c579-636a-401b-9df5-6084aec3cb84/payload_index/igaflpg374vfc9ai18mlthee-_superse-null/has_values/flags_a.dat
7fc209500000-7fc209600000 rw-s 00000000 00:23 184907                     /tmp/edgememo-12b13-10295191522316359974/segments/a589c579-636a-401b-9df5-6084aec3cb84/payload_index/igaflpg374vfc9ai18mlthee-_superse-map/tracker.dat
7fc209600000-7fc209700000 rw-s 00000000 00:23 185338                     /tmp/edgememo-12b13-10295191522316359974/segments/a589c579-636a-401b-9df5-6084aec3cb84/payload_index/eppnt024q8gsql8cvdau17ih-procedur-null/is_null/flags_a.dat
7fc209700000-7fc209800000 rw-s 00000000 00:23 185335                     /tmp/edgememo-12b13-10295191522316359974/segments/a589c579-636a-401b-9df5-6084aec3cb84/payload_index/eppnt024q8gsql8cvdau17ih-procedur-null/has_values/flags_a.dat
7fc209800000-7fc209c00000 r--s 00000000 00:23 185343                     /tmp/edgememo-12b13-10295191522316359974/segments/a589c579-636a-401b-9df5-6084aec3cb84/payload_index/eppnt024q8gsql8cvdau17ih-procedur-map/page_0.dat
7fc209c00000-7fc20a000000 rw-s 00000000 00:23 185343                     /tmp/edgememo-12b13-10295191522316359974/segments/a589c579-636a-401b-9df5-6084aec3cb84/payload_index/eppnt024q8gsql8cvdau17ih-procedur-map/page_0.dat
7fc20a000000-7fc20a100000 rw-s 00000000 00:23 185342                     /tmp/edgememo-12b13-10295191522316359974/segments/a589c579-636a-401b-9df5-6084aec3cb84/payload_index/eppnt024q8gsql8cvdau17ih-procedur-map/tracker.dat
7fc20a100000-7fc20a200000 rw-s 00000000 00:23 185104                     /tmp/edgememo-12b13-10295191522316359974/segments/a589c579-636a-401b-9df5-6084aec3cb84/payload_index/9valan7k3gs67v5jl4n94l0c-_tags-null/is_null/flags_a.dat
7fc20a200000-7fc20a600000 r--s 00000000 00:23 185109                     /tmp/edgememo-12b13-10295191522316359974/segments/a589c579-636a-401b-9df5-6084aec3cb84/payload_index/9valan7k3gs67v5jl4n94l0c-_tags-map/page_0.dat
7fc20a600000-7fc20aa00000 rw-s 00000000 00:23 185109                     /tmp/edgememo-12b13-10295191522316359974/segments/a589c579-636a-401b-9df5-6084aec3cb84/payload_index/9valan7k3gs67v5jl4n94l0c-_tags-map/page_0.dat
7fc20aa00000-7fc20ab00000 rw-s 00000000 00:23 185101                     /tmp/edgememo-12b13-10295191522316359974/segments/a589c579-636a-401b-9df5-6084aec3cb84/payload_index/9valan7k3gs67v5jl4n94l0c-_tags-null/has_values/flags_a.dat
7fc20ab00000-7fc20ac00000 rw-s 00000000 00:23 185108                     /tmp/edgememo-12b13-10295191522316359974/segments/a589c579-636a-401b-9df5-6084aec3cb84/payload_index/9valan7k3gs67v5jl4n94l0c-_tags-map/tracker.dat
7fc20ac00000-7fc20ad00000 rw-s 00000000 00:23 184885                     /tmp/edgememo-12b13-10295191522316359974/segments/a589c579-636a-401b-9df5-6084aec3cb84/payload_index/jbpp4hmn4b7ij0ra91tttcsv-_content-null/is_null/flags_a.dat
7fc20ad00000-7fc20ae00000 rw-s 00000000 00:23 184882                     /tmp/edgememo-12b13-10295191522316359974/segments/a589c579-636a-401b-9df5-6084aec3cb84/payload_index/jbpp4hmn4b7ij0ra91tttcsv-_content-null/has_values/flags_a.dat
7fc20ae00000-7fc20b200000 r--s 00000000 00:23 184890                     /tmp/edgememo-12b13-10295191522316359974/segments/a589c579-636a-401b-9df5-6084aec3cb84/payload_index/jbpp4hmn4b7ij0ra91tttcsv-_content-map/page_0.dat
7fc20b200000-7fc20b600000 rw-s 00000000 00:23 184890                     /tmp/edgememo-12b13-10295191522316359974/segments/a589c579-636a-401b-9df5-6084aec3cb84/payload_index/jbpp4hmn4b7ij0ra91tttcsv-_content-map/page_0.dat
7fc20b600000-7fc20b700000 rw-s 00000000 00:23 184889                     /tmp/edgememo-12b13-10295191522316359974/segments/a589c579-636a-401b-9df5-6084aec3cb84/payload_index/jbpp4hmn4b7ij0ra91tttcsv-_content-map/tracker.dat
7fc20b700000-7fc20b800000 rw-s 00000000 00:23 185018                     /tmp/edgememo-12b13-10295191522316359974/segments/a589c579-636a-401b-9df5-6084aec3cb84/payload_index/fe03rdktu4rm7snt3np8v5c4-_record_-null/is_null/flags_a.dat
7fc20b800000-7fc20bc00000 r--s 00000000 00:23 185023                     /tmp/edgememo-12b13-10295191522316359974/segments/a589c579-636a-401b-9df5-6084aec3cb84/payload_index/fe03rdktu4rm7snt3np8v5c4-_record_-map/page_0.dat
7fc20bc00000-7fc20c000000 rw-s 00000000 00:23 185023                     /tmp/edgememo-12b13-10295191522316359974/segments/a589c579-636a-401b-9df5-6084aec3cb84/payload_index/fe03rdktu4rm7snt3np8v5c4-_record_-map/page_0.dat
7fc20c000000-7fc20c100000 rw-s 00000000 00:23 185015                     /tmp/edgememo-12b13-10295191522316359974/segments/a589c579-636a-401b-9df5-6084aec3cb84/payload_index/fe03rdktu4rm7snt3np8v5c4-_record_-null/has_values/flags_a.dat
7fc20c100000-7fc20c200000 rw-s 00000000 00:23 185022                     /tmp/edgememo-12b13-10295191522316359974/segments/a589c579-636a-401b-9df5-6084aec3cb84/payload_index/fe03rdktu4rm7snt3np8v5c4-_record_-map/tracker.dat
7fc20c200000-7fc20c300000 rw-s 00000000 00:23 184928                     /tmp/edgememo-12b13-10295191522316359974/segments/a589c579-636a-401b-9df5-6084aec3cb84/payload_index/2n6bjbka5q650pbeq50v1qfc-_tombsto-null/is_null/flags_a.dat
7fc20c300000-7fc20c400000 rw-s 00000000 00:23 184925                     /tmp/edgememo-12b13-10295191522316359974/segments/a589c579-636a-401b-9df5-6084aec3cb84/payload_index/2n6bjbka5q650pbeq50v1qfc-_tombsto-null/has_values/flags_a.dat
7fc20c400000-7fc20c500000 rw-s 00000000 00:23 184921                     /tmp/edgememo-12b13-10295191522316359974/segments/a589c579-636a-401b-9df5-6084aec3cb84/payload_index/2n6bjbka5q650pbeq50v1qfc-_tombsto-bool/falses/flags_a.dat
7fc20c500000-7fc20c600000 rw-s 00000000 00:23 184918                     /tmp/edgememo-12b13-10295191522316359974/segments/a589c579-636a-401b-9df5-6084aec3cb84/payload_index/2n6bjbka5q650pbeq50v1qfc-_tombsto-bool/trues/flags_a.dat
7fc20c600000-7fc20c700000 rw-s 00000000 00:23 184964                     /tmp/edgememo-12b13-10295191522316359974/segments/a589c579-636a-401b-9df5-6084aec3cb84/payload_index/72b7j39u8k1hk6vdg1kdpmv9-_origin-null/is_null/flags_a.dat
7fc20c700000-7fc20c800000 rw-s 00000000 00:23 184961                     /tmp/edgememo-12b13-10295191522316359974/segments/a589c579-636a-401b-9df5-6084aec3cb84/payload_index/72b7j39u8k1hk6vdg1kdpmv9-_origin-null/has_values/flags_a.dat
7fc20c800000-7fc20cc00000 r--s 00000000 00:23 184969                     /tmp/edgememo-12b13-10295191522316359974/segments/a589c579-636a-401b-9df5-6084aec3cb84/payload_index/72b7j39u8k1hk6vdg1kdpmv9-_origin-map/page_0.dat
7fc20cc00000-7fc20d000000 rw-s 00000000 00:23 184969                     /tmp/edgememo-12b13-10295191522316359974/segments/a589c579-636a-401b-9df5-6084aec3cb84/payload_index/72b7j39u8k1hk6vdg1kdpmv9-_origin-map/page_0.dat
7fc20d000000-7fc20d200000 r--s 00000000 00:23 185066                     /tmp/edgememo-12b13-10295191522316359974/segments/a589c579-636a-401b-9df5-6084aec3cb84/payload_index/c3ieke3dnga2op643pf4401j-_lease_u-numeric/page_0.dat
7fc20d200000-7fc20d400000 rw-s 00000000 00:23 185066                     /tmp/edgememo-12b13-10295191522316359974/segments/a589c579-636a-401b-9df5-6084aec3cb84/payload_index/c3ieke3dnga2op643pf4401j-_lease_u-numeric/page_0.dat
7fc20d400000-7fc20d600000 r--s 00000000 00:23 185059                     /tmp/edgememo-12b13-10295191522316359974/segments/a589c579-636a-401b-9df5-6084aec3cb84/payload_index/c3ieke3dnga2op643pf4401j-_lease_u-map/page_0.dat
7fc20d600000-7fc20d800000 rw-s 00000000 00:23 185059                     /tmp/edgememo-12b13-10295191522316359974/segments/a589c579-636a-401b-9df5-6084aec3cb84/payload_index/c3ieke3dnga2op643pf4401j-_lease_u-map/page_0.dat
7fc20d800000-7fc20da00000 r--s 00000000 00:23 184775                     /tmp/edgememo-12b13-10295191522316359974/segments/a589c579-636a-401b-9df5-6084aec3cb84/payload_index/dkspn77eo5kcq13l57mufauc-_created-numeric/page_0.dat
7fc20da00000-7fc20dc00000 rw-s 00000000 00:23 184775                     /tmp/edgememo-12b13-10295191522316359974/segments/a589c579-636a-401b-9df5-6084aec3cb84/payload_index/dkspn77eo5kcq13l57mufauc-_created-numeric/page_0.dat
7fc20dc00000-7fc20de00000 r--s 00000000 00:23 184768                     /tmp/edgememo-12b13-10295191522316359974/segments/a589c579-636a-401b-9df5-6084aec3cb84/payload_index/dkspn77eo5kcq13l57mufauc-_created-map/page_0.dat
7fc20de00000-7fc20e000000 rw-s 00000000 00:23 184768                     /tmp/edgememo-12b13-10295191522316359974/segments/a589c579-636a-401b-9df5-6084aec3cb84/payload_index/dkspn77eo5kcq13l57mufauc-_created-map/page_0.dat
7fc20e000000-7fc20e200000 r--s 00000000 00:23 184750                     /tmp/edgememo-12b13-10295191522316359974/segments/a589c579-636a-401b-9df5-6084aec3cb84/payload_index/0au8ulopcsb7jffkcqcu13eo-_version-numeric/page_0.dat
7fc20e200000-7fc20e400000 rw-s 00000000 00:23 184750                     /tmp/edgememo-12b13-10295191522316359974/segments/a589c579-636a-401b-9df5-6084aec3cb84/payload_index/0au8ulopcsb7jffkcqcu13eo-_version-numeric/page_0.dat
7fc20e400000-7fc20e600000 r--s 00000000 00:23 184743                     /tmp/edgememo-12b13-10295191522316359974/segments/a589c579-636a-401b-9df5-6084aec3cb84/payload_index/0au8ulopcsb7jffkcqcu13eo-_version-map/page_0.dat
7fc20e600000-7fc20ea00000 r--s 00000000 00:23 185041                     /tmp/edgememo-12b13-10295191522316359974/segments/a589c579-636a-401b-9df5-6084aec3cb84/payload_index/v500oudt9ldbj2gc45c110o4-_state-map/page_0.dat
7fc20ea00000-7fc210a00000 r--s 00000000 00:23 185384                     /tmp/edgememo-12b13-10295191522316359974/segments/a589c579-636a-401b-9df5-6084aec3cb84/vector_storage-semantic/vectors/chunk_0.mmap
7fc210a00000-7fc212a00000 rw-s 00000000 00:23 185384                     /tmp/edgememo-12b13-10295191522316359974/segments/a589c579-636a-401b-9df5-6084aec3cb84/vector_storage-semantic/vectors/chunk_0.mmap
7fc212a77000-7fc212c78000 rw-p 00000000 00:00 0 
7fc212d00000-7fc212e00000 rw-s 00000000 00:23 184968                     /tmp/edgememo-12b13-10295191522316359974/segments/a589c579-636a-401b-9df5-6084aec3cb84/payload_index/72b7j39u8k1hk6vdg1kdpmv9-_origin-map/tracker.dat
7fc212e00000-7fc213000000 rw-s 00000000 00:23 184743                     /tmp/edgememo-12b13-10295191522316359974/segments/a589c579-636a-401b-9df5-6084aec3cb84/payload_index/0au8ulopcsb7jffkcqcu13eo-_version-map/page_0.dat
7fc21307a000-7fc21327b000 rw-p 00000000 00:00 0 
7fc213300000-7fc213400000 rw-s 00000000 00:23 185054                     /tmp/edgememo-12b13-10295191522316359974/segments/a589c579-636a-401b-9df5-6084aec3cb84/payload_index/c3ieke3dnga2op643pf4401j-_lease_u-null/is_null/flags_a.dat
7fc213400000-7fc213800000 rw-s 00000000 00:23 185041                     /tmp/edgememo-12b13-10295191522316359974/segments/a589c579-636a-401b-9df5-6084aec3cb84/payload_index/v500oudt9ldbj2gc45c110o4-_state-map/page_0.dat
7fc21387e000-7fc213a7f000 rw-p 00000000 00:00 0 
7fc213a80000-7fc213b80000 rw-s 00000000 00:23 185051                     /tmp/edgememo-12b13-10295191522316359974/segments/a589c579-636a-401b-9df5-6084aec3cb84/payload_index/c3ieke3dnga2op643pf4401j-_lease_u-null/has_values/flags_a.dat
7fc213b80000-7fc213c80000 rw-s 00000000 00:23 185065                     /tmp/edgememo-12b13-10295191522316359974/segments/a589c579-636a-401b-9df5-6084aec3cb84/payload_index/c3ieke3dnga2op643pf4401j-_lease_u-numeric/tracker.dat
7fc213c80000-7fc213e81000 rw-p 00000000 00:00 0 
7fc213f00000-7fc214000000 rw-s 00000000 00:23 185058                     /tmp/edgememo-12b13-10295191522316359974/segments/a589c579-636a-401b-9df5-6084aec3cb84/payload_index/c3ieke3dnga2op643pf4401j-_lease_u-map/tracker.dat
7fc214000000-7fc214400000 r--s 00000000 00:23 185271                     /tmp/edgememo-12b13-10295191522316359974/segments/a589c579-636a-401b-9df5-6084aec3cb84/payload_index/ubi6s05md8hgtgi08lv1drfe-work_typ-map/page_0.dat
7fc214400000-7fc214800000 r--s 00000000 00:23 185379                     /tmp/edgememo-12b13-10295191522316359974/segments/a589c579-636a-401b-9df5-6084aec3cb84/payload_index/t0cjbus68d6dlbne47lu0kec-geo-map/page_0.dat
7fc214800000-7fc214c00000 rw-s 00000000 00:23 185379                     /tmp/edgememo-12b13-10295191522316359974/segments/a589c579-636a-401b-9df5-6084aec3cb84/payload_index/t0cjbus68d6dlbne47lu0kec-geo-map/page_0.dat
7fc214c88000-7fc214e89000 rw-p 00000000 00:00 0 
7fc214e8a000-7fc214f8a000 rw-s 00000000 00:23 184763                     /tmp/edgememo-12b13-10295191522316359974/segments/a589c579-636a-401b-9df5-6084aec3cb84/payload_index/dkspn77eo5kcq13l57mufauc-_created-null/is_null/flags_a.dat
7fc214f8a000-7fc21508a000 rw-s 00000000 00:23 184760                     /tmp/edgememo-12b13-10295191522316359974/segments/a589c579-636a-401b-9df5-6084aec3cb84/payload_index/dkspn77eo5kcq13l57mufauc-_created-null/has_values/flags_a.dat
7fc21508a000-7fc21508b000 rw-p 00000000 00:00 0 
7fc21508b000-7fc21508f000 ---p 00000000 00:00 0 
7fc21508f000-7fc21588e000 rw-p 00000000 00:00 0 
7fc215900000-7fc215a00000 rw-s 00000000 00:23 184774                     /tmp/edgememo-12b13-10295191522316359974/segments/a589c579-636a-401b-9df5-6084aec3cb84/payload_index/dkspn77eo5kcq13l57mufauc-_created-numeric/tracker.dat
7fc215a00000-7fc215e00000 rw-s 00000000 00:23 185271                     /tmp/edgememo-12b13-10295191522316359974/segments/a589c579-636a-401b-9df5-6084aec3cb84/payload_index/ubi6s05md8hgtgi08lv1drfe-work_typ-map/page_0.dat
7fc215e00000-7fc216200000 r--s 00000000 00:23 184818                     /tmp/edgememo-12b13-10295191522316359974/segments/a589c579-636a-401b-9df5-6084aec3cb84/payload_index/umsm8dr4uif8js5btcq1rrb2-_source-map/page_0.dat
7fc216293000-7fc216695000 rw-p 00000000 00:00 0 
7fc216700000-7fc216800000 rw-s 00000000 00:23 184767                     /tmp/edgememo-12b13-10295191522316359974/segments/a589c579-636a-401b-9df5-6084aec3cb84/payload_index/dkspn77eo5kcq13l57mufauc-_created-map/tracker.dat
7fc216800000-7fc216c00000 rw-s 00000000 00:23 184818                     /tmp/edgememo-12b13-10295191522316359974/segments/a589c579-636a-401b-9df5-6084aec3cb84/payload_index/umsm8dr4uif8js5btcq1rrb2-_source-map/page_0.dat
7fc216c98000-7fc216c99000 rw-p 00000000 00:00 0 
7fc216c99000-7fc216c9d000 ---p 00000000 00:00 0 
7fc216c9d000-7fc21709a000 rw-p 00000000 00:00 0 
7fc21709b000-7fc21719b000 rw-s 00000000 00:23 184738                     /tmp/edgememo-12b13-10295191522316359974/segments/a589c579-636a-401b-9df5-6084aec3cb84/payload_index/0au8ulopcsb7jffkcqcu13eo-_version-null/is_null/flags_a.dat
7fc21719b000-7fc21729b000 rw-s 00000000 00:23 184735                     /tmp/edgememo-12b13-10295191522316359974/segments/a589c579-636a-401b-9df5-6084aec3cb84/payload_index/0au8ulopcsb7jffkcqcu13eo-_version-null/has_values/flags_a.dat
7fc21729b000-7fc21769d000 rw-p 00000000 00:00 0 
7fc21769e000-7fc21779e000 rw-s 00000000 00:23 184749                     /tmp/edgememo-12b13-10295191522316359974/segments/a589c579-636a-401b-9df5-6084aec3cb84/payload_index/0au8ulopcsb7jffkcqcu13eo-_version-numeric/tracker.dat
7fc21779e000-7fc21789e000 rw-s 00000000 00:23 184742                     /tmp/edgememo-12b13-10295191522316359974/segments/a589c579-636a-401b-9df5-6084aec3cb84/payload_index/0au8ulopcsb7jffkcqcu13eo-_version-map/tracker.dat
7fc21789e000-7fc217a9f000 rw-p 00000000 00:00 0 
7fc217b00000-7fc217c00000 rw-s 00000000 00:23 185266                     /tmp/edgememo-12b13-10295191522316359974/segments/a589c579-636a-401b-9df5-6084aec3cb84/payload_index/ubi6s05md8hgtgi08lv1drfe-work_typ-null/is_null/flags_a.dat
7fc217c00000-7fc218000000 r--s 00000000 00:23 185361                     /tmp/edgememo-12b13-10295191522316359974/segments/a589c579-636a-401b-9df5-6084aec3cb84/payload_index/qsijmcu5b3f5ftioo2jn6aiq-inspecti-map/page_0.dat
7fc2180a2000-7fc2180a3000 rw-p 00000000 00:00 0 
7fc2180a3000-7fc2180a7000 ---p 00000000 00:00 0 
7fc2180a7000-7fc2181a3000 rw-p 00000000 00:00 0 
7fc218200000-7fc218600000 r--s 00000000 00:23 185199                     /tmp/edgememo-12b13-10295191522316359974/segments/a589c579-636a-401b-9df5-6084aec3cb84/payload_index/agv37h4b7ght7cvf2k9lgkpr-zone-map/page_0.dat
7fc2186a8000-7fc2187a8000 rw-s 00000000 00:23 185263                     /tmp/edgememo-12b13-10295191522316359974/segments/a589c579-636a-401b-9df5-6084aec3cb84/payload_index/ubi6s05md8hgtgi08lv1drfe-work_typ-null/has_values/flags_a.dat
7fc2187a8000-7fc2188a8000 rw-s 00000000 00:23 185270                     /tmp/edgememo-12b13-10295191522316359974/segments/a589c579-636a-401b-9df5-6084aec3cb84/payload_index/ubi6s05md8hgtgi08lv1drfe-work_typ-map/tracker.dat
7fc2188a8000-7fc2189a8000 rw-s 00000000 00:23 185036                     /tmp/edgememo-12b13-10295191522316359974/segments/a589c579-636a-401b-9df5-6084aec3cb84/payload_index/v500oudt9ldbj2gc45c110o4-_state-null/is_null/flags_a.dat
7fc2189a8000-7fc218aa8000 rw-s 00000000 00:23 185033                     /tmp/edgememo-12b13-10295191522316359974/segments/a589c579-636a-401b-9df5-6084aec3cb84/payload_index/v500oudt9ldbj2gc45c110o4-_state-null/has_values/flags_a.dat
7fc218aa8000-7fc218ba8000 rw-s 00000000 00:23 185040                     /tmp/edgememo-12b13-10295191522316359974/segments/a589c579-636a-401b-9df5-6084aec3cb84/payload_index/v500oudt9ldbj2gc45c110o4-_state-map/tracker.dat
7fc218ba8000-7fc218da9000 rw-p 00000000 00:00 0 
7fc218e00000-7fc219200000 rw-s 00000000 00:23 185361                     /tmp/edgememo-12b13-10295191522316359974/segments/a589c579-636a-401b-9df5-6084aec3cb84/payload_index/qsijmcu5b3f5ftioo2jn6aiq-inspecti-map/page_0.dat
7fc219200000-7fc219600000 r--s 00000000 00:23 185163                     /tmp/edgememo-12b13-10295191522316359974/segments/a589c579-636a-401b-9df5-6084aec3cb84/payload_index/io24r5pkmo2429uuk9798hum-plant-map/page_0.dat
7fc2196ae000-7fc2197ae000 rw-s 00000000 00:23 185374                     /tmp/edgememo-12b13-10295191522316359974/segments/a589c579-636a-401b-9df5-6084aec3cb84/payload_index/t0cjbus68d6dlbne47lu0kec-geo-null/is_null/flags_a.dat
7fc2197ae000-7fc2199af000 rw-p 00000000 00:00 0 
7fc219a00000-7fc219e00000 r--s 00000000 00:23 185307                     /tmp/edgememo-12b13-10295191522316359974/segments/a589c579-636a-401b-9df5-6084aec3cb84/payload_index/ptgq425gbh1n8jvd8sfin4re-technici-map/page_0.dat
7fc219e00000-7fc21a200000 r--s 00000000 00:23 185325                     /tmp/edgememo-12b13-10295191522316359974/segments/a589c579-636a-401b-9df5-6084aec3cb84/payload_index/5a76b4slfoo2d0uc2u69ieei-document-map/page_0.dat
7fc21a2b5000-7fc21a3b5000 rw-s 00000000 00:23 185371                     /tmp/edgememo-12b13-10295191522316359974/segments/a589c579-636a-401b-9df5-6084aec3cb84/payload_index/t0cjbus68d6dlbne47lu0kec-geo-null/has_values/flags_a.dat
7fc21a3b5000-7fc21a4b5000 rw-s 00000000 00:23 185378                     /tmp/edgememo-12b13-10295191522316359974/segments/a589c579-636a-401b-9df5-6084aec3cb84/payload_index/t0cjbus68d6dlbne47lu0kec-geo-map/tracker.dat
7fc21a4b5000-7fc21a5b5000 rw-s 00000000 00:23 184813                     /tmp/edgememo-12b13-10295191522316359974/segments/a589c579-636a-401b-9df5-6084aec3cb84/payload_index/umsm8dr4uif8js5btcq1rrb2-_source-null/is_null/flags_a.dat
7fc21a5b5000-7fc21a7b6000 rw-p 00000000 00:00 0 
7fc21a800000-7fc21ac00000 rw-s 00000000 00:23 185307                     /tmp/edgememo-12b13-10295191522316359974/segments/a589c579-636a-401b-9df5-6084aec3cb84/payload_index/ptgq425gbh1n8jvd8sfin4re-technici-map/page_0.dat
7fc21ac00000-7fc21b000000 rw-s 00000000 00:23 185163                     /tmp/edgememo-12b13-10295191522316359974/segments/a589c579-636a-401b-9df5-6084aec3cb84/payload_index/io24r5pkmo2429uuk9798hum-plant-map/page_0.dat
7fc21b000000-7fc21b400000 r--s 00000000 00:23 185127                     /tmp/edgememo-12b13-10295191522316359974/segments/a589c579-636a-401b-9df5-6084aec3cb84/payload_index/4motg86cf3dql3j8kf1v1ug5-machine_-map/page_0.dat
7fc21b400000-7fc21b500000 rw-s 00000000 00:23 184810                     /tmp/edgememo-12b13-10295191522316359974/segments/a589c579-636a-401b-9df5-6084aec3cb84/payload_index/umsm8dr4uif8js5btcq1rrb2-_source-null/has_values/flags_a.dat
7fc21b500000-7fc21b600000 rw-s 00000000 00:23 184817                     /tmp/edgememo-12b13-10295191522316359974/segments/a589c579-636a-401b-9df5-6084aec3cb84/payload_index/umsm8dr4uif8js5btcq1rrb2-_source-map/tracker.dat
7fc21b600000-7fc21b800000 r--s 00000000 00:23 184800                     /tmp/edgememo-12b13-10295191522316359974/segments/a589c579-636a-401b-9df5-6084aec3cb84/payload_index/7aohgnd4p5bgqvpdbv6jflf0-_updated-numeric/page_0.dat
7fc21b800000-7fc21ba00000 rw-s 00000000 00:23 184800                     /tmp/edgememo-12b13-10295191522316359974/segments/a589c579-636a-401b-9df5-6084aec3cb84/payload_index/7aohgnd4p5bgqvpdbv6jflf0-_updated-numeric/page_0.dat
7fc21ba00000-7fc21bc00000 r--s 00000000 00:23 184793                     /tmp/edgememo-12b13-10295191522316359974/segments/a589c579-636a-401b-9df5-6084aec3cb84/payload_index/7aohgnd4p5bgqvpdbv6jflf0-_updated-map/page_0.dat
7fc21bcc1000-7fc21bdc1000 rw-s 00000000 00:23 185356                     /tmp/edgememo-12b13-10295191522316359974/segments/a589c579-636a-401b-9df5-6084aec3cb84/payload_index/qsijmcu5b3f5ftioo2jn6aiq-inspecti-null/is_null/flags_a.dat
7fc21bdc1000-7fc21bdc2000 rw-p 00000000 00:00 0 
7fc21bdc2000-7fc21bdc6000 ---p 00000000 00:00 0 
7fc21bdc6000-7fc21bfc2000 rw-p 00000000 00:00 0 
7fc21c000000-7fc21c200000 rw-s 00000000 00:23 184793                     /tmp/edgememo-12b13-10295191522316359974/segments/a589c579-636a-401b-9df5-6084aec3cb84/payload_index/7aohgnd4p5bgqvpdbv6jflf0-_updated-map/page_0.dat
7fc21c2c4000-7fc21c3c4000 rw-s 00000000 00:23 185353                     /tmp/edgememo-12b13-10295191522316359974/segments/a589c579-636a-401b-9df5-6084aec3cb84/payload_index/qsijmcu5b3f5ftioo2jn6aiq-inspecti-null/has_values/flags_a.dat
7fc21c3c4000-7fc21c5c5000 rw-p 00000000 00:00 0 
7fc21c5c6000-7fc21c6c6000 rw-s 00000000 00:23 185360                     /tmp/edgememo-12b13-10295191522316359974/segments/a589c579-636a-401b-9df5-6084aec3cb84/payload_index/qsijmcu5b3f5ftioo2jn6aiq-inspecti-map/tracker.dat
7fc21c6c6000-7fc21c7c6000 rw-s 00000000 00:23 185302                     /tmp/edgememo-12b13-10295191522316359974/segments/a589c579-636a-401b-9df5-6084aec3cb84/payload_index/ptgq425gbh1n8jvd8sfin4re-technici-null/is_null/flags_a.dat
7fc21c7c6000-7fc21c7c7000 rw-p 00000000 00:00 0 
7fc21c7c7000-7fc21c7cb000 ---p 00000000 00:00 0 
7fc21c7cb000-7fc21c9c8000 rw-p 00000000 00:00 0 
7fc21c9c8000-7fc21c9cc000 ---p 00000000 00:00 0 
7fc21c9cc000-7fc21cbc9000 rw-p 00000000 00:00 0 
7fc21cbc9000-7fc21cbcd000 ---p 00000000 00:00 0 
7fc21cbcd000-7fc21cdc9000 rw-p 00000000 00:00 0 
7fc21ce00000-7fc21d200000 rw-s 00000000 00:23 185199                     /tmp/edgememo-12b13-10295191522316359974/segments/a589c579-636a-401b-9df5-6084aec3cb84/payload_index/agv37h4b7ght7cvf2k9lgkpr-zone-map/page_0.dat
7fc21d200000-7fc21d600000 rw-s 00000000 00:23 185325                     /tmp/edgememo-12b13-10295191522316359974/segments/a589c579-636a-401b-9df5-6084aec3cb84/payload_index/5a76b4slfoo2d0uc2u69ieei-document-map/page_0.dat
7fc21d600000-7fc21da00000 r--s 00000000 00:23 185217                     /tmp/edgememo-12b13-10295191522316359974/segments/a589c579-636a-401b-9df5-6084aec3cb84/payload_index/opqupp5gl5ni13pgeffph29t-failure_-map/page_0.dat
7fc21da00000-7fc21de00000 rw-s 00000000 00:23 185127                     /tmp/edgememo-12b13-10295191522316359974/segments/a589c579-636a-401b-9df5-6084aec3cb84/payload_index/4motg86cf3dql3j8kf1v1ug5-machine_-map/page_0.dat
7fc21ded3000-7fc21dfd3000 rw-s 00000000 00:23 185299                     /tmp/edgememo-12b13-10295191522316359974/segments/a589c579-636a-401b-9df5-6084aec3cb84/payload_index/ptgq425gbh1n8jvd8sfin4re-technici-null/has_values/flags_a.dat
7fc21dfd3000-7fc21e0d3000 rw-s 00000000 00:23 185306                     /tmp/edgememo-12b13-10295191522316359974/segments/a589c579-636a-401b-9df5-6084aec3cb84/payload_index/ptgq425gbh1n8jvd8sfin4re-technici-map/tracker.dat
7fc21e0d3000-7fc21e1d3000 rw-s 00000000 00:23 184788                     /tmp/edgememo-12b13-10295191522316359974/segments/a589c579-636a-401b-9df5-6084aec3cb84/payload_index/7aohgnd4p5bgqvpdbv6jflf0-_updated-null/is_null/flags_a.dat
7fc21e1d3000-7fc21e1d4000 rw-p 00000000 00:00 0 
7fc21e1d4000-7fc21e1d8000 ---p 00000000 00:00 0 
7fc21e1d8000-7fc21e3d4000 rw-p 00000000 00:00 0 
7fc21e3fd000-7fc21e4fd000 rw-s 00000000 00:23 184785                     /tmp/edgememo-12b13-10295191522316359974/segments/a589c579-636a-401b-9df5-6084aec3cb84/payload_index/7aohgnd4p5bgqvpdbv6jflf0-_updated-null/has_values/flags_a.dat
7fc21e4fd000-7fc21e5fd000 rw-s 00000000 00:23 184799                     /tmp/edgememo-12b13-10295191522316359974/segments/a589c579-636a-401b-9df5-6084aec3cb84/payload_index/7aohgnd4p5bgqvpdbv6jflf0-_updated-numeric/tracker.dat
7fc21e5fd000-7fc21e6fd000 rw-s 00000000 00:23 185317                     /tmp/edgememo-12b13-10295191522316359974/segments/a589c579-636a-401b-9df5-6084aec3cb84/payload_index/5a76b4slfoo2d0uc2u69ieei-document-null/has_values/flags_a.dat
7fc21e6fd000-7fc21e7fd000 rw-s 00000000 00:23 185324                     /tmp/edgememo-12b13-10295191522316359974/segments/a589c579-636a-401b-9df5-6084aec3cb84/payload_index/5a76b4slfoo2d0uc2u69ieei-document-map/tracker.dat
7fc21e800000-7fc21e900000 rw-s 00000000 00:23 184792                     /tmp/edgememo-12b13-10295191522316359974/segments/a589c579-636a-401b-9df5-6084aec3cb84/payload_index/7aohgnd4p5bgqvpdbv6jflf0-_updated-map/tracker.dat
7fc21e900000-7fc21ea00000 rw-s 00000000 00:23 185194                     /tmp/edgememo-12b13-10295191522316359974/segments/a589c579-636a-401b-9df5-6084aec3cb84/payload_index/agv37h4b7ght7cvf2k9lgkpr-zone-null/is_null/flags_a.dat
7fc21ea00000-7fc21ee00000 rw-s 00000000 00:23 185217                     /tmp/edgememo-12b13-10295191522316359974/segments/a589c579-636a-401b-9df5-6084aec3cb84/payload_index/opqupp5gl5ni13pgeffph29t-failure_-map/page_0.dat
7fc21ee00000-7fc220e00000 r--s 00000000 00:23 184674                     /tmp/edgememo-12b13-10295191522316359974/segments/a589c579-636a-401b-9df5-6084aec3cb84/payload_storage/page_0.dat
7fc220e00000-7fc222e00000 rw-s 00000000 00:23 184674                     /tmp/edgememo-12b13-10295191522316359974/segments/a589c579-636a-401b-9df5-6084aec3cb84/payload_storage/page_0.dat
7fc222ef8000-7fc222ef9000 rw-p 00000000 00:00 0 
7fc222ef9000-7fc222efd000 ---p 00000000 00:00 0 
7fc222efd000-7fc2230f9000 rw-p 00000000 00:00 0 
7fc2230fb000-7fc2231fb000 rw-s 00000000 00:23 185212                     /tmp/edgememo-12b13-10295191522316359974/segments/a589c579-636a-401b-9df5-6084aec3cb84/payload_index/opqupp5gl5ni13pgeffph29t-failure_-null/is_null/flags_a.dat
7fc2231fb000-7fc2232fb000 rw-s 00000000 00:23 185209                     /tmp/edgememo-12b13-10295191522316359974/segments/a589c579-636a-401b-9df5-6084aec3cb84/payload_index/opqupp5gl5ni13pgeffph29t-failure_-null/has_values/flags_a.dat
7fc2232fb000-7fc2233fb000 rw-s 00000000 00:23 185216                     /tmp/edgememo-12b13-10295191522316359974/segments/a589c579-636a-401b-9df5-6084aec3cb84/payload_index/opqupp5gl5ni13pgeffph29t-failure_-map/tracker.dat
7fc2233fb000-7fc2234fb000 rw-s 00000000 00:23 185122                     /tmp/edgememo-12b13-10295191522316359974/segments/a589c579-636a-401b-9df5-6084aec3cb84/payload_index/4motg86cf3dql3j8kf1v1ug5-machine_-null/is_null/flags_a.dat
7fc2234fc000-7fc2235fc000 rw-s 00000000 00:23 185191                     /tmp/edgememo-12b13-10295191522316359974/segments/a589c579-636a-401b-9df5-6084aec3cb84/payload_index/agv37h4b7ght7cvf2k9lgkpr-zone-null/has_values/flags_a.dat
7fc2235fc000-7fc2236fc000 rw-s 00000000 00:23 185198                     /tmp/edgememo-12b13-10295191522316359974/segments/a589c579-636a-401b-9df5-6084aec3cb84/payload_index/agv37h4b7ght7cvf2k9lgkpr-zone-map/tracker.dat
7fc2236fc000-7fc2238fd000 rw-p 00000000 00:00 0 
7fc2238ff000-7fc2239ff000 rw-s 00000000 00:23 185158                     /tmp/edgememo-12b13-10295191522316359974/segments/a589c579-636a-401b-9df5-6084aec3cb84/payload_index/io24r5pkmo2429uuk9798hum-plant-null/is_null/flags_a.dat
7fc2239ff000-7fc223aff000 rw-s 00000000 00:23 185320                     /tmp/edgememo-12b13-10295191522316359974/segments/a589c579-636a-401b-9df5-6084aec3cb84/payload_index/5a76b4slfoo2d0uc2u69ieei-document-null/is_null/flags_a.dat
7fc223aff000-7fc223bff000 rw-s 00000000 00:23 185119                     /tmp/edgememo-12b13-10295191522316359974/segments/a589c579-636a-401b-9df5-6084aec3cb84/payload_index/4motg86cf3dql3j8kf1v1ug5-machine_-null/has_values/flags_a.dat
7fc223bff000-7fc223cff000 rw-s 00000000 00:23 185126                     /tmp/edgememo-12b13-10295191522316359974/segments/a589c579-636a-401b-9df5-6084aec3cb84/payload_index/4motg86cf3dql3j8kf1v1ug5-machine_-map/tracker.dat
7fc223d00000-7fc223e00000 rw-s 00000000 00:23 185155                     /tmp/edgememo-12b13-10295191522316359974/segments/a589c579-636a-401b-9df5-6084aec3cb84/payload_index/io24r5pkmo2429uuk9798hum-plant-null/has_values/flags_a.dat
7fc223e00000-7fc223f00000 rw-s 00000000 00:23 185162                     /tmp/edgememo-12b13-10295191522316359974/segments/a589c579-636a-401b-9df5-6084aec3cb84/payload_index/io24r5pkmo2429uuk9798hum-plant-map/tracker.dat
7fc223f00000-7fc224000000 rw-s 00000000 00:23 184684                     /tmp/edgememo-12b13-10295191522316359974/segments/a589c579-636a-401b-9df5-6084aec3cb84/vector_storage-semantic/deleted/flags_a.dat
7fc224000000-7fc224700000 rw-p 00000000 00:00 0 
7fc224700000-7fc2247e0000 rw-p 00000000 00:00 0 
7fc2247e0000-7fc224800000 ---p 00000000 00:00 0 
7fc224800000-7fc224b10000 rw-p 00000000 00:00 0 
7fc224b10000-7fc228000000 ---p 00000000 00:00 0 
7fc228000000-7fc228031000 rw-p 00000000 00:00 0 
7fc228031000-7fc22c000000 ---p 00000000 00:00 0 
7fc22c000000-7fc22c400000 rw-s 00000000 00:23 184664                     /tmp/edgememo-12b13-10295191522316359974/wal/open-1
7fc22c400000-7fc22c800000 rw-s 00000000 00:23 184671                     /tmp/edgememo-12b13-10295191522316359974/wal/open-2
7fc22c8fa000-7fc22c9fa000 rw-s 00000000 00:23 184673                     /tmp/edgememo-12b13-10295191522316359974/segments/a589c579-636a-401b-9df5-6084aec3cb84/payload_storage/tracker.dat
7fc22c9fa000-7fc22c9fb000 rw-p 00000000 00:00 0 
7fc22c9fb000-7fc22c9ff000 ---p 00000000 00:00 0 
7fc22c9ff000-7fc22cafc000 rw-p 00000000 00:00 0 
7fc22cafc000-7fc22cb00000 ---p 00000000 00:00 0 
7fc22cb00000-7fc22cbfd000 rw-p 00000000 00:00 0 
7fc22cbfd000-7fc22cc01000 ---p 00000000 00:00 0 
7fc22cc01000-7fc22ccfe000 rw-p 00000000 00:00 0 
7fc22ccfe000-7fc22cd02000 ---p 00000000 00:00 0 
7fc22cd02000-7fc22cdff000 rw-p 00000000 00:00 0 
7fc22cdff000-7fc22ce03000 ---p 00000000 00:00 0 
7fc22ce03000-7fc22cf00000 rw-p 00000000 00:00 0 
7fc22cf00000-7fc22cf04000 ---p 00000000 00:00 0 
7fc22cf04000-7fc22d000000 rw-p 00000000 00:00 0 
7fc22d000000-7fc22d09a000 r--p 00000000 103:07 14159566                  /usr/lib/libstdc++.so.6.0.36
7fc22d09a000-7fc22d21d000 r-xp 0009a000 103:07 14159566                  /usr/lib/libstdc++.so.6.0.36
7fc22d21d000-7fc22d2bd000 r--p 0021d000 103:07 14159566                  /usr/lib/libstdc++.so.6.0.36
7fc22d2bd000-7fc22d2ce000 r--p 002bc000 103:07 14159566                  /usr/lib/libstdc++.so.6.0.36
7fc22d2ce000-7fc22d2cf000 rw-p 002cd000 103:07 14159566                  /usr/lib/libstdc++.so.6.0.36
7fc22d2cf000-7fc22d2d3000 rw-p 00000000 00:00 0 
7fc22d2ff000-7fc22d300000 rw-p 00000000 00:00 0 
7fc22d300000-7fc22d304000 ---p 00000000 00:00 0 
7fc22d304000-7fc22d400000 rw-p 00000000 00:00 0 
7fc22d400000-7fc22eeaa000 r--p 00000000 00:23 113432                     /tmp/robolectric-nativeruntime9967864127081461000/icu/icudt75l.dat
7fc22eeff000-7fc22f000000 rw-p 00000000 00:00 0 
7fc22f000000-7fc22f3f8000 r--p 00000000 00:23 113433                     /tmp/robolectric-nativeruntime9967864127081461000/libandroid_runtime.so
7fc22f3f8000-7fc22fe7b000 r-xp 003f7000 00:23 113433                     /tmp/robolectric-nativeruntime9967864127081461000/libandroid_runtime.so
7fc22fe7b000-7fc22fecb000 r--p 00e79000 00:23 113433                     /tmp/robolectric-nativeruntime9967864127081461000/libandroid_runtime.so
7fc22fecb000-7fc22fed1000 rw-p 00ec8000 00:23 113433                     /tmp/robolectric-nativeruntime9967864127081461000/libandroid_runtime.so
7fc22fed1000-7fc22fede000 rw-p 00000000 00:00 0 
7fc22feff000-7fc230000000 rw-p 00000000 00:00 0 
7fc230000000-7fc23050c000 rw-p 00000000 00:00 0 
7fc23050c000-7fc234000000 ---p 00000000 00:00 0 
7fc234000000-7fc234208000 rw-p 00000000 00:00 0 
7fc234208000-7fc238000000 ---p 00000000 00:00 0 
7fc238000000-7fc238218000 rw-p 00000000 00:00 0 
7fc238218000-7fc23c000000 ---p 00000000 00:00 0 
7fc23c000000-7fc23c863000 rw-p 00000000 00:00 0 
7fc23c863000-7fc240000000 ---p 00000000 00:00 0 
7fc240000000-7fc2416df000 rw-p 00000000 00:00 0 
7fc2416df000-7fc244000000 ---p 00000000 00:00 0 
7fc244000000-7fc24409a000 rw-p 00000000 00:00 0 
7fc24409a000-7fc248000000 ---p 00000000 00:00 0 
7fc248000000-7fc2490df000 rw-p 00000000 00:00 0 
7fc2490df000-7fc24c000000 ---p 00000000 00:00 0 
7fc24c0fd000-7fc24c400000 rw-p 00000000 00:00 0 
7fc24c400000-7fc24c644000 r-xp 00000000 00:23 113435                     /tmp/libconscrypt_openjdk_jni-linux-x86_6417907167303110000.so (deleted)
7fc24c644000-7fc24c843000 ---p 00244000 00:23 113435                     /tmp/libconscrypt_openjdk_jni-linux-x86_6417907167303110000.so (deleted)
7fc24c843000-7fc24c854000 r--p 00243000 00:23 113435                     /tmp/libconscrypt_openjdk_jni-linux-x86_6417907167303110000.so (deleted)
7fc24c854000-7fc24c857000 rw-p 00254000 00:23 113435                     /tmp/libconscrypt_openjdk_jni-linux-x86_6417907167303110000.so (deleted)
7fc24c857000-7fc24c858000 rw-p 00000000 00:00 0 
7fc24c8fb000-7fc24c8fc000 rw-p 00000000 00:00 0 
7fc24c8fc000-7fc24c900000 ---p 00000000 00:00 0 
7fc24c900000-7fc24ce00000 rw-p 00000000 00:00 0 
7fc24ce00000-7fc24d7fc000 r--p 00000000 103:07 26240381                  /home/sub/Subarno/cc6/EdgeMemo/app/build/generated/native-libs/host/libedgememo_qdrant.so
7fc24d7fc000-7fc24e91a000 r-xp 009fb000 103:07 26240381                  /home/sub/Subarno/cc6/EdgeMemo/app/build/generated/native-libs/host/libedgememo_qdrant.so
7fc24e91a000-7fc24ead1000 r--p 01b18000 103:07 26240381                  /home/sub/Subarno/cc6/EdgeMemo/app/build/generated/native-libs/host/libedgememo_qdrant.so
7fc24ead1000-7fc24ead3000 rw-p 01cce000 103:07 26240381                  /home/sub/Subarno/cc6/EdgeMemo/app/build/generated/native-libs/host/libedgememo_qdrant.so
7fc24eaeb000-7fc24ebed000 rw-p 00000000 00:00 0 
7fc24ebed000-7fc24ebf1000 ---p 00000000 00:00 0 
7fc24ebf1000-7fc24f3f5000 rw-p 00000000 00:00 0 
7fc24f3f5000-7fc24f3f9000 ---p 00000000 00:00 0 
7fc24f3f9000-7fc24f4f6000 rw-p 00000000 00:00 0 
7fc24f4f6000-7fc24f4fa000 ---p 00000000 00:00 0 
7fc24f4fa000-7fc24f5f7000 rw-p 00000000 00:00 0 
7fc24f5f7000-7fc24f5fb000 ---p 00000000 00:00 0 
7fc24f5fb000-7fc24f6f8000 rw-p 00000000 00:00 0 
7fc24f6f8000-7fc24f6fc000 ---p 00000000 00:00 0 
7fc24f6fc000-7fc24f7f9000 rw-p 00000000 00:00 0 
7fc24f7f9000-7fc24f7fd000 ---p 00000000 00:00 0 
7fc24f7fd000-7fc24f8fa000 rw-p 00000000 00:00 0 
7fc24f8fa000-7fc24f8fe000 ---p 00000000 00:00 0 
7fc24f8fe000-7fc24f9fb000 rw-p 00000000 00:00 0 
7fc24f9fb000-7fc24f9ff000 ---p 00000000 00:00 0 
7fc24f9ff000-7fc24fafc000 rw-p 00000000 00:00 0 
7fc24fafc000-7fc24fb00000 ---p 00000000 00:00 0 
7fc24fb00000-7fc24fbfd000 rw-p 00000000 00:00 0 
7fc24fbfd000-7fc24fc01000 ---p 00000000 00:00 0 
7fc24fc01000-7fc24fcfe000 rw-p 00000000 00:00 0 
7fc24fcfe000-7fc24fd02000 ---p 00000000 00:00 0 
7fc24fd02000-7fc24fdff000 rw-p 00000000 00:00 0 
7fc24fdff000-7fc24fe03000 ---p 00000000 00:00 0 
7fc24fe03000-7fc24ff00000 rw-p 00000000 00:00 0 
7fc24ff00000-7fc24ff04000 ---p 00000000 00:00 0 
7fc24ff04000-7fc250000000 rw-p 00000000 00:00 0 
7fc250000000-7fc252cdb000 rw-p 00000000 00:00 0 
7fc252cdb000-7fc254000000 ---p 00000000 00:00 0 
7fc254000000-7fc254c5f000 rw-p 00000000 00:00 0 
7fc254c5f000-7fc258000000 ---p 00000000 00:00 0 
7fc258000000-7fc25a6a5000 rw-p 00000000 00:00 0 
7fc25a6a5000-7fc25c000000 ---p 00000000 00:00 0 
7fc25c000000-7fc25d8f6000 rw-p 00000000 00:00 0 
7fc25d8f6000-7fc260000000 ---p 00000000 00:00 0 
7fc260000000-7fc260400000 rw-p 00000000 00:00 0 
7fc260400000-7fc260b00000 rw-p 00000000 00:00 0 
7fc260b00000-7fc260ba0000 rw-p 00000000 00:00 0 
7fc260ba0000-7fc260bc0000 rw-p 00000000 00:00 0 
7fc260bc0000-7fc260d00000 rw-p 00000000 00:00 0 
7fc260d00000-7fc260d80000 rw-p 00000000 00:00 0 
7fc260d80000-7fc260e00000 rw-p 00000000 00:00 0 
7fc260e00000-7fc261180000 rw-p 00000000 00:00 0 
7fc261180000-7fc261200000 rw-p 00000000 00:00 0 
7fc261200000-7fc261900000 rw-p 00000000 00:00 0 
7fc261900000-7fc261a00000 rw-p 00000000 00:00 0 
7fc261a00000-7fc262720000 rw-p 00000000 00:00 0 
7fc262720000-7fc263f00000 rw-p 00000000 00:00 0 
7fc263f00000-7fc264000000 rw-p 00000000 00:00 0 
7fc264000000-7fc264025000 rw-p 00000000 00:00 0 
7fc264025000-7fc268000000 ---p 00000000 00:00 0 
7fc268000000-7fc268021000 rw-p 00000000 00:00 0 
7fc268021000-7fc26c000000 ---p 00000000 00:00 0 
7fc26c000000-7fc26c0d2000 rw-p 00000000 00:00 0 
7fc26c0d2000-7fc270000000 ---p 00000000 00:00 0 
7fc270000000-7fc270ed9000 rw-p 00000000 00:00 0 
7fc270ed9000-7fc274000000 ---p 00000000 00:00 0 
7fc274000000-7fc27409f000 rw-p 00000000 00:00 0 
7fc27409f000-7fc278000000 ---p 00000000 00:00 0 
7fc278000000-7fc278094000 rw-p 00000000 00:00 0 
7fc278094000-7fc27c000000 ---p 00000000 00:00 0 
7fc27c000000-7fc27c021000 rw-p 00000000 00:00 0 
7fc27c021000-7fc280000000 ---p 00000000 00:00 0 
7fc2800fb000-7fc2800fc000 rw-p 00000000 00:00 0 
7fc2800fc000-7fc280100000 ---p 00000000 00:00 0 
7fc280100000-7fc2801fd000 rw-p 00000000 00:00 0 
7fc2801fd000-7fc280201000 ---p 00000000 00:00 0 
7fc280201000-7fc2802fe000 rw-p 00000000 00:00 0 
7fc2802fe000-7fc280302000 ---p 00000000 00:00 0 
7fc280302000-7fc2803ff000 rw-p 00000000 00:00 0 
7fc2803ff000-7fc280403000 ---p 00000000 00:00 0 
7fc280403000-7fc280500000 rw-p 00000000 00:00 0 
7fc280500000-7fc280504000 ---p 00000000 00:00 0 
7fc280504000-7fc280600000 rw-p 00000000 00:00 0 
7fc280600000-7fc2808ed000 r--p 00000000 103:07 14221950                  /usr/lib/locale/locale-archive
7fc280956000-7fc28095d000 r--s 00000000 103:07 14222742                  /usr/lib/gconv/gconv-modules.cache
7fc28095d000-7fc28095e000 rw-s 00000000 00:23 185675                     /tmp/edgememo-12b13-3953861547481023442/segments/467f16de-056d-41e4-8480-bb610514fd5a/payload_index/2n6bjbka5q650pbeq50v1qfc-_tombsto-bool/falses/status.dat
7fc28095e000-7fc28095f000 rw-s 00000000 00:23 185672                     /tmp/edgememo-12b13-3953861547481023442/segments/467f16de-056d-41e4-8480-bb610514fd5a/payload_index/2n6bjbka5q650pbeq50v1qfc-_tombsto-bool/trues/status.dat
7fc28095f000-7fc280960000 rw-s 00000000 00:23 185661                     /tmp/edgememo-12b13-3953861547481023442/segments/467f16de-056d-41e4-8480-bb610514fd5a/payload_index/igaflpg374vfc9ai18mlthee-_superse-map/gaps.dat
7fc280960000-7fc280968000 rw-s 00000000 00:23 185660                     /tmp/edgememo-12b13-3953861547481023442/segments/467f16de-056d-41e4-8480-bb610514fd5a/payload_index/igaflpg374vfc9ai18mlthee-_superse-map/bitmask.dat
7fc280968000-7fc280969000 rw-s 00000000 00:23 185657                     /tmp/edgememo-12b13-3953861547481023442/segments/467f16de-056d-41e4-8480-bb610514fd5a/payload_index/igaflpg374vfc9ai18mlthee-_superse-null/is_null/status.dat
7fc280969000-7fc28096a000 rw-s 00000000 00:23 185654                     /tmp/edgememo-12b13-3953861547481023442/segments/467f16de-056d-41e4-8480-bb610514fd5a/payload_index/igaflpg374vfc9ai18mlthee-_superse-null/has_values/status.dat
7fc28096a000-7fc28096b000 rw-s 00000000 00:23 185643                     /tmp/edgememo-12b13-3953861547481023442/segments/467f16de-056d-41e4-8480-bb610514fd5a/payload_index/jbpp4hmn4b7ij0ra91tttcsv-_content-map/gaps.dat
7fc28096b000-7fc280973000 rw-s 00000000 00:23 185642                     /tmp/edgememo-12b13-3953861547481023442/segments/467f16de-056d-41e4-8480-bb610514fd5a/payload_index/jbpp4hmn4b7ij0ra91tttcsv-_content-map/bitmask.dat
7fc280973000-7fc280974000 rw-s 00000000 00:23 185639                     /tmp/edgememo-12b13-3953861547481023442/segments/467f16de-056d-41e4-8480-bb610514fd5a/payload_index/jbpp4hmn4b7ij0ra91tttcsv-_content-null/is_null/status.dat
7fc280974000-7fc280975000 rw-s 00000000 00:23 185636                     /tmp/edgememo-12b13-3953861547481023442/segments/467f16de-056d-41e4-8480-bb610514fd5a/payload_index/jbpp4hmn4b7ij0ra91tttcsv-_content-null/has_values/status.dat
7fc280975000-7fc280976000 rw-s 00000000 00:23 185625                     /tmp/edgememo-12b13-3953861547481023442/segments/467f16de-056d-41e4-8480-bb610514fd5a/payload_index/30pt7bb3tk7amm4vtcjpt41c-_subject-map/gaps.dat
7fc280976000-7fc28097e000 rw-s 00000000 00:23 185624                     /tmp/edgememo-12b13-3953861547481023442/segments/467f16de-056d-41e4-8480-bb610514fd5a/payload_index/30pt7bb3tk7amm4vtcjpt41c-_subject-map/bitmask.dat
7fc28097e000-7fc28097f000 rw-s 00000000 00:23 185621                     /tmp/edgememo-12b13-3953861547481023442/segments/467f16de-056d-41e4-8480-bb610514fd5a/payload_index/30pt7bb3tk7amm4vtcjpt41c-_subject-null/is_null/status.dat
7fc28097f000-7fc280980000 rw-s 00000000 00:23 185618                     /tmp/edgememo-12b13-3953861547481023442/segments/467f16de-056d-41e4-8480-bb610514fd5a/payload_index/30pt7bb3tk7amm4vtcjpt41c-_subject-null/has_values/status.dat
7fc280980000-7fc280981000 rw-s 00000000 00:23 185607                     /tmp/edgememo-12b13-3953861547481023442/segments/467f16de-056d-41e4-8480-bb610514fd5a/payload_index/qd10inocp4kdi06e5r6e004b-_sync_st-map/gaps.dat
7fc280981000-7fc280989000 rw-s 00000000 00:23 185606                     /tmp/edgememo-12b13-3953861547481023442/segments/467f16de-056d-41e4-8480-bb610514fd5a/payload_index/qd10inocp4kdi06e5r6e004b-_sync_st-map/bitmask.dat
7fc280989000-7fc28098a000 rw-s 00000000 00:23 185603                     /tmp/edgememo-12b13-3953861547481023442/segments/467f16de-056d-41e4-8480-bb610514fd5a/payload_index/qd10inocp4kdi06e5r6e004b-_sync_st-null/is_null/status.dat
7fc28098a000-7fc28098b000 rw-s 00000000 00:23 185600                     /tmp/edgememo-12b13-3953861547481023442/segments/467f16de-056d-41e4-8480-bb610514fd5a/payload_index/qd10inocp4kdi06e5r6e004b-_sync_st-null/has_values/status.dat
7fc28098b000-7fc28098c000 rw-s 00000000 00:23 185589                     /tmp/edgememo-12b13-3953861547481023442/segments/467f16de-056d-41e4-8480-bb610514fd5a/payload_index/uoqpv2nkd2lq26j4jq6p8tv9-_sync_de-map/gaps.dat
7fc28098c000-7fc280994000 rw-s 00000000 00:23 185588                     /tmp/edgememo-12b13-3953861547481023442/segments/467f16de-056d-41e4-8480-bb610514fd5a/payload_index/uoqpv2nkd2lq26j4jq6p8tv9-_sync_de-map/bitmask.dat
7fc280994000-7fc280995000 rw-s 00000000 00:23 185585                     /tmp/edgememo-12b13-3953861547481023442/segments/467f16de-056d-41e4-8480-bb610514fd5a/payload_index/uoqpv2nkd2lq26j4jq6p8tv9-_sync_de-null/is_null/status.dat
7fc280995000-7fc280996000 rw-s 00000000 00:23 185582                     /tmp/edgememo-12b13-3953861547481023442/segments/467f16de-056d-41e4-8480-bb610514fd5a/payload_index/uoqpv2nkd2lq26j4jq6p8tv9-_sync_de-null/has_values/status.dat
7fc280996000-7fc280997000 rw-s 00000000 00:23 185571                     /tmp/edgememo-12b13-3953861547481023442/segments/467f16de-056d-41e4-8480-bb610514fd5a/payload_index/umsm8dr4uif8js5btcq1rrb2-_source-map/gaps.dat
7fc280997000-7fc28099f000 rw-s 00000000 00:23 185570                     /tmp/edgememo-12b13-3953861547481023442/segments/467f16de-056d-41e4-8480-bb610514fd5a/payload_index/umsm8dr4uif8js5btcq1rrb2-_source-map/bitmask.dat
7fc28099f000-7fc2809a0000 rw-s 00000000 00:23 185567                     /tmp/edgememo-12b13-3953861547481023442/segments/467f16de-056d-41e4-8480-bb610514fd5a/payload_index/umsm8dr4uif8js5btcq1rrb2-_source-null/is_null/status.dat
7fc2809a0000-7fc2809a1000 rw-s 00000000 00:23 185564                     /tmp/edgememo-12b13-3953861547481023442/segments/467f16de-056d-41e4-8480-bb610514fd5a/payload_index/umsm8dr4uif8js5btcq1rrb2-_source-null/has_values/status.dat
7fc2809a1000-7fc2809a2000 rw-s 00000000 00:23 185553                     /tmp/edgememo-12b13-3953861547481023442/segments/467f16de-056d-41e4-8480-bb610514fd5a/payload_index/7aohgnd4p5bgqvpdbv6jflf0-_updated-numeric/gaps.dat
7fc2809a2000-7fc2809aa000 rw-s 00000000 00:23 185552                     /tmp/edgememo-12b13-3953861547481023442/segments/467f16de-056d-41e4-8480-bb610514fd5a/payload_index/7aohgnd4p5bgqvpdbv6jflf0-_updated-numeric/bitmask.dat
7fc2809aa000-7fc2809ab000 rw-s 00000000 00:23 185546                     /tmp/edgememo-12b13-3953861547481023442/segments/467f16de-056d-41e4-8480-bb610514fd5a/payload_index/7aohgnd4p5bgqvpdbv6jflf0-_updated-map/gaps.dat
7fc2809ab000-7fc2809b3000 rw-s 00000000 00:23 185545                     /tmp/edgememo-12b13-3953861547481023442/segments/467f16de-056d-41e4-8480-bb610514fd5a/payload_index/7aohgnd4p5bgqvpdbv6jflf0-_updated-map/bitmask.dat
7fc2809b3000-7fc2809b4000 rw-s 00000000 00:23 185542                     /tmp/edgememo-12b13-3953861547481023442/segments/467f16de-056d-41e4-8480-bb610514fd5a/payload_index/7aohgnd4p5bgqvpdbv6jflf0-_updated-null/is_null/status.dat
7fc2809b4000-7fc2809b5000 rw-s 00000000 00:23 185539                     /tmp/edgememo-12b13-3953861547481023442/segments/467f16de-056d-41e4-8480-bb610514fd5a/payload_index/7aohgnd4p5bgqvpdbv6jflf0-_updated-null/has_values/status.dat
7fc2809b5000-7fc2809b6000 rw-s 00000000 00:23 185528                     /tmp/edgememo-12b13-3953861547481023442/segments/467f16de-056d-41e4-8480-bb610514fd5a/payload_index/dkspn77eo5kcq13l57mufauc-_created-numeric/gaps.dat
7fc2809b6000-7fc2809be000 rw-s 00000000 00:23 185527                     /tmp/edgememo-12b13-3953861547481023442/segments/467f16de-056d-41e4-8480-bb610514fd5a/payload_index/dkspn77eo5kcq13l57mufauc-_created-numeric/bitmask.dat
7fc2809be000-7fc2809bf000 rw-s 00000000 00:23 185521                     /tmp/edgememo-12b13-3953861547481023442/segments/467f16de-056d-41e4-8480-bb610514fd5a/payload_index/dkspn77eo5kcq13l57mufauc-_created-map/gaps.dat
7fc2809bf000-7fc2809c7000 rw-s 00000000 00:23 185520                     /tmp/edgememo-12b13-3953861547481023442/segments/467f16de-056d-41e4-8480-bb610514fd5a/payload_index/dkspn77eo5kcq13l57mufauc-_created-map/bitmask.dat
7fc2809c7000-7fc2809c8000 rw-s 00000000 00:23 185517                     /tmp/edgememo-12b13-3953861547481023442/segments/467f16de-056d-41e4-8480-bb610514fd5a/payload_index/dkspn77eo5kcq13l57mufauc-_created-null/is_null/status.dat
7fc2809c8000-7fc2809c9000 rw-s 00000000 00:23 185514                     /tmp/edgememo-12b13-3953861547481023442/segments/467f16de-056d-41e4-8480-bb610514fd5a/payload_index/dkspn77eo5kcq13l57mufauc-_created-null/has_values/status.dat
7fc2809c9000-7fc2809ca000 rw-s 00000000 00:23 185503                     /tmp/edgememo-12b13-3953861547481023442/segments/467f16de-056d-41e4-8480-bb610514fd5a/payload_index/0au8ulopcsb7jffkcqcu13eo-_version-numeric/gaps.dat
7fc2809ca000-7fc2809d2000 rw-s 00000000 00:23 185502                     /tmp/edgememo-12b13-3953861547481023442/segments/467f16de-056d-41e4-8480-bb610514fd5a/payload_index/0au8ulopcsb7jffkcqcu13eo-_version-numeric/bitmask.dat
7fc2809d2000-7fc2809da000 rw-s 00000000 00:23 185495                     /tmp/edgememo-12b13-3953861547481023442/segments/467f16de-056d-41e4-8480-bb610514fd5a/payload_index/0au8ulopcsb7jffkcqcu13eo-_version-map/bitmask.dat
7fc2809da000-7fc2809e2000 rw-s 00000000 00:23 185477                     /tmp/edgememo-12b13-3953861547481023442/segments/467f16de-056d-41e4-8480-bb610514fd5a/payload_index/ekdt203muqqu0uadi4l3g69m-_entity_-map/bitmask.dat
7fc2809e2000-7fc2809ea000 rw-s 00000000 00:23 185459                     /tmp/edgememo-12b13-3953861547481023442/segments/467f16de-056d-41e4-8480-bb610514fd5a/payload_index/vc7dt0eenf994cahpe3c6c66-_record_-map/bitmask.dat
7fc2809ea000-7fc280aec000 rw-p 00000000 00:00 0 
7fc280aec000-7fc280af0000 ---p 00000000 00:00 0 
7fc280af0000-7fc280cee000 rw-p 00000000 00:00 0 
7fc280cee000-7fc280cf2000 ---p 00000000 00:00 0 
7fc280cf2000-7fc280ff0000 rw-p 00000000 00:00 0 
7fc280ff0000-7fc285dfe000 rw-p 00000000 00:00 0 
7fc285dfe000-7fc288000000 ---p 00000000 00:00 0 
7fc288000000-7fc288021000 rw-p 00000000 00:00 0 
7fc288021000-7fc28c000000 ---p 00000000 00:00 0 
7fc28c000000-7fc28c0c7000 rw-p 00000000 00:00 0 
7fc28c0c7000-7fc290000000 ---p 00000000 00:00 0 
7fc290000000-7fc290001000 rw-s 00000000 00:23 185496                     /tmp/edgememo-12b13-3953861547481023442/segments/467f16de-056d-41e4-8480-bb610514fd5a/payload_index/0au8ulopcsb7jffkcqcu13eo-_version-map/gaps.dat
7fc290001000-7fc290002000 rw-s 00000000 00:23 185492                     /tmp/edgememo-12b13-3953861547481023442/segments/467f16de-056d-41e4-8480-bb610514fd5a/payload_index/0au8ulopcsb7jffkcqcu13eo-_version-null/is_null/status.dat
7fc290002000-7fc290003000 rw-s 00000000 00:23 185489                     /tmp/edgememo-12b13-3953861547481023442/segments/467f16de-056d-41e4-8480-bb610514fd5a/payload_index/0au8ulopcsb7jffkcqcu13eo-_version-null/has_values/status.dat
7fc290003000-7fc290004000 rw-s 00000000 00:23 185478                     /tmp/edgememo-12b13-3953861547481023442/segments/467f16de-056d-41e4-8480-bb610514fd5a/payload_index/ekdt203muqqu0uadi4l3g69m-_entity_-map/gaps.dat
7fc290004000-7fc290005000 rw-s 00000000 00:23 185474                     /tmp/edgememo-12b13-3953861547481023442/segments/467f16de-056d-41e4-8480-bb610514fd5a/payload_index/ekdt203muqqu0uadi4l3g69m-_entity_-null/is_null/status.dat
7fc290005000-7fc290006000 rw-s 00000000 00:23 185471                     /tmp/edgememo-12b13-3953861547481023442/segments/467f16de-056d-41e4-8480-bb610514fd5a/payload_index/ekdt203muqqu0uadi4l3g69m-_entity_-null/has_values/status.dat
7fc290006000-7fc290007000 rw-s 00000000 00:23 185460                     /tmp/edgememo-12b13-3953861547481023442/segments/467f16de-056d-41e4-8480-bb610514fd5a/payload_index/vc7dt0eenf994cahpe3c6c66-_record_-map/gaps.dat
7fc290007000-7fc290008000 rw-s 00000000 00:23 185456                     /tmp/edgememo-12b13-3953861547481023442/segments/467f16de-056d-41e4-8480-bb610514fd5a/payload_index/vc7dt0eenf994cahpe3c6c66-_record_-null/is_null/status.dat
7fc290008000-7fc290009000 rw-s 00000000 00:23 185453                     /tmp/edgememo-12b13-3953861547481023442/segments/467f16de-056d-41e4-8480-bb610514fd5a/payload_index/vc7dt0eenf994cahpe3c6c66-_record_-null/has_values/status.dat
7fc290009000-7fc29000a000 rw-s 00000000 00:23 185438                     /tmp/edgememo-12b13-3953861547481023442/segments/467f16de-056d-41e4-8480-bb610514fd5a/vector_storage-semantic/deleted/status.dat
7fc29000a000-7fc29000b000 rw-s 00000000 00:23 185434                     /tmp/edgememo-12b13-3953861547481023442/segments/467f16de-056d-41e4-8480-bb610514fd5a/vector_storage-semantic/vectors/status.dat
7fc29000b000-7fc29000c000 rw-s 00000000 00:23 185427                     /tmp/edgememo-12b13-3953861547481023442/segments/467f16de-056d-41e4-8480-bb610514fd5a/payload_storage/gaps.dat
7fc29000c000-7fc290014000 rw-s 00000000 00:23 185426                     /tmp/edgememo-12b13-3953861547481023442/segments/467f16de-056d-41e4-8480-bb610514fd5a/payload_storage/bitmask.dat
7fc290014000-7fc290015000 rw-s 00000000 00:23 184981                     /tmp/edgememo-12b13-10295191522316359974/segments/a589c579-636a-401b-9df5-6084aec3cb84/payload_index/kp6pejua5nain3c65odi2n63-_authori-null/is_null/status.dat
7fc290015000-7fc290016000 rw-s 00000000 00:23 184978                     /tmp/edgememo-12b13-10295191522316359974/segments/a589c579-636a-401b-9df5-6084aec3cb84/payload_index/kp6pejua5nain3c65odi2n63-_authori-null/has_values/status.dat
7fc290016000-7fc290017000 rw-s 00000000 00:23 184985                     /tmp/edgememo-12b13-10295191522316359974/segments/a589c579-636a-401b-9df5-6084aec3cb84/payload_index/kp6pejua5nain3c65odi2n63-_authori-map/gaps.dat
7fc290017000-7fc29001f000 rw-s 00000000 00:23 184984                     /tmp/edgememo-12b13-10295191522316359974/segments/a589c579-636a-401b-9df5-6084aec3cb84/payload_index/kp6pejua5nain3c65odi2n63-_authori-map/bitmask.dat
7fc29001f000-7fc290020000 rw-s 00000000 00:23 184719                     /tmp/edgememo-12b13-10295191522316359974/segments/a589c579-636a-401b-9df5-6084aec3cb84/payload_index/ekdt203muqqu0uadi4l3g69m-_entity_-null/is_null/status.dat
7fc290020000-7fc290021000 rw-s 00000000 00:23 184716                     /tmp/edgememo-12b13-10295191522316359974/segments/a589c579-636a-401b-9df5-6084aec3cb84/payload_index/ekdt203muqqu0uadi4l3g69m-_entity_-null/has_values/status.dat
7fc290021000-7fc290022000 rw-s 00000000 00:23 184723                     /tmp/edgememo-12b13-10295191522316359974/segments/a589c579-636a-401b-9df5-6084aec3cb84/payload_index/ekdt203muqqu0uadi4l3g69m-_entity_-map/gaps.dat
7fc290022000-7fc29002a000 rw-s 00000000 00:23 184722                     /tmp/edgememo-12b13-10295191522316359974/segments/a589c579-636a-401b-9df5-6084aec3cb84/payload_index/ekdt203muqqu0uadi4l3g69m-_entity_-map/bitmask.dat
7fc29002a000-7fc29002b000 rw-s 00000000 00:23 184999                     /tmp/edgememo-12b13-10295191522316359974/segments/a589c579-636a-401b-9df5-6084aec3cb84/payload_index/jac5dcijutp4jmid2lduq0cp-operatio-null/is_null/status.dat
7fc29002b000-7fc29002c000 rw-s 00000000 00:23 184996                     /tmp/edgememo-12b13-10295191522316359974/segments/a589c579-636a-401b-9df5-6084aec3cb84/payload_index/jac5dcijutp4jmid2lduq0cp-operatio-null/has_values/status.dat
7fc29002c000-7fc29002d000 rw-s 00000000 00:23 185003                     /tmp/edgememo-12b13-10295191522316359974/segments/a589c579-636a-401b-9df5-6084aec3cb84/payload_index/jac5dcijutp4jmid2lduq0cp-operatio-map/gaps.dat
7fc29002d000-7fc290035000 rw-s 00000000 00:23 185002                     /tmp/edgememo-12b13-10295191522316359974/segments/a589c579-636a-401b-9df5-6084aec3cb84/payload_index/jac5dcijutp4jmid2lduq0cp-operatio-map/bitmask.dat
7fc290035000-7fc290036000 rw-s 00000000 00:23 185078                     /tmp/edgememo-12b13-10295191522316359974/segments/a589c579-636a-401b-9df5-6084aec3cb84/payload_index/l206gjn3ilfoiq0fka0dd2sh-_last_sy-null/is_null/status.dat
7fc290036000-7fc290037000 rw-s 00000000 00:23 185075                     /tmp/edgememo-12b13-10295191522316359974/segments/a589c579-636a-401b-9df5-6084aec3cb84/payload_index/l206gjn3ilfoiq0fka0dd2sh-_last_sy-null/has_values/status.dat
7fc290037000-7fc290038000 rw-s 00000000 00:23 185089                     /tmp/edgememo-12b13-10295191522316359974/segments/a589c579-636a-401b-9df5-6084aec3cb84/payload_index/l206gjn3ilfoiq0fka0dd2sh-_last_sy-numeric/gaps.dat
7fc290038000-7fc290040000 rw-s 00000000 00:23 185088                     /tmp/edgememo-12b13-10295191522316359974/segments/a589c579-636a-401b-9df5-6084aec3cb84/payload_index/l206gjn3ilfoiq0fka0dd2sh-_last_sy-numeric/bitmask.dat
7fc290040000-7fc290041000 rw-s 00000000 00:23 185082                     /tmp/edgememo-12b13-10295191522316359974/segments/a589c579-636a-401b-9df5-6084aec3cb84/payload_index/l206gjn3ilfoiq0fka0dd2sh-_last_sy-map/gaps.dat
7fc290041000-7fc290049000 rw-s 00000000 00:23 185081                     /tmp/edgememo-12b13-10295191522316359974/segments/a589c579-636a-401b-9df5-6084aec3cb84/payload_index/l206gjn3ilfoiq0fka0dd2sh-_last_sy-map/bitmask.dat
7fc290049000-7fc29004a000 rw-s 00000000 00:23 185247                     /tmp/edgememo-12b13-10295191522316359974/segments/a589c579-636a-401b-9df5-6084aec3cb84/payload_index/0su1cd64ir6rciehlvga64lr-status-null/is_null/status.dat
7fc29004a000-7fc29004b000 rw-s 00000000 00:23 185244                     /tmp/edgememo-12b13-10295191522316359974/segments/a589c579-636a-401b-9df5-6084aec3cb84/payload_index/0su1cd64ir6rciehlvga64lr-status-null/has_values/status.dat
7fc29004b000-7fc29004c000 rw-s 00000000 00:23 185251                     /tmp/edgememo-12b13-10295191522316359974/segments/a589c579-636a-401b-9df5-6084aec3cb84/payload_index/0su1cd64ir6rciehlvga64lr-status-map/gaps.dat
7fc29004c000-7fc290054000 rw-s 00000000 00:23 185250                     /tmp/edgememo-12b13-10295191522316359974/segments/a589c579-636a-401b-9df5-6084aec3cb84/payload_index/0su1cd64ir6rciehlvga64lr-status-map/bitmask.dat
7fc290054000-7fc290055000 rw-s 00000000 00:23 185229                     /tmp/edgememo-12b13-10295191522316359974/segments/a589c579-636a-401b-9df5-6084aec3cb84/payload_index/p67l9paljaamh1q9qfng0a8e-severity-null/is_null/status.dat
7fc290055000-7fc290056000 rw-s 00000000 00:23 185226                     /tmp/edgememo-12b13-10295191522316359974/segments/a589c579-636a-401b-9df5-6084aec3cb84/payload_index/p67l9paljaamh1q9qfng0a8e-severity-null/has_values/status.dat
7fc290056000-7fc290057000 rw-s 00000000 00:23 185233                     /tmp/edgememo-12b13-10295191522316359974/segments/a589c579-636a-401b-9df5-6084aec3cb84/payload_index/p67l9paljaamh1q9qfng0a8e-severity-map/gaps.dat
7fc290057000-7fc29005f000 rw-s 00000000 00:23 185232                     /tmp/edgememo-12b13-10295191522316359974/segments/a589c579-636a-401b-9df5-6084aec3cb84/payload_index/p67l9paljaamh1q9qfng0a8e-severity-map/bitmask.dat
7fc29005f000-7fc290060000 rw-s 00000000 00:23 184701                     /tmp/edgememo-12b13-10295191522316359974/segments/a589c579-636a-401b-9df5-6084aec3cb84/payload_index/vc7dt0eenf994cahpe3c6c66-_record_-null/is_null/status.dat
7fc290060000-7fc290061000 rw-s 00000000 00:23 184698                     /tmp/edgememo-12b13-10295191522316359974/segments/a589c579-636a-401b-9df5-6084aec3cb84/payload_index/vc7dt0eenf994cahpe3c6c66-_record_-null/has_values/status.dat
7fc290061000-7fc290062000 rw-s 00000000 00:23 184705                     /tmp/edgememo-12b13-10295191522316359974/segments/a589c579-636a-401b-9df5-6084aec3cb84/payload_index/vc7dt0eenf994cahpe3c6c66-_record_-map/gaps.dat
7fc290062000-7fc29006a000 rw-s 00000000 00:23 184704                     /tmp/edgememo-12b13-10295191522316359974/segments/a589c579-636a-401b-9df5-6084aec3cb84/payload_index/vc7dt0eenf994cahpe3c6c66-_record_-map/bitmask.dat
7fc29006a000-7fc29006b000 rw-s 00000000 00:23 185283                     /tmp/edgememo-12b13-10295191522316359974/segments/a589c579-636a-401b-9df5-6084aec3cb84/payload_index/o7e7rps0lhrk8nbfpo27kahq-part_id-null/is_null/status.dat
7fc29006b000-7fc29006c000 rw-s 00000000 00:23 185280                     /tmp/edgememo-12b13-10295191522316359974/segments/a589c579-636a-401b-9df5-6084aec3cb84/payload_index/o7e7rps0lhrk8nbfpo27kahq-part_id-null/has_values/status.dat
7fc29006c000-7fc29006d000 rw-s 00000000 00:23 185287                     /tmp/edgememo-12b13-10295191522316359974/segments/a589c579-636a-401b-9df5-6084aec3cb84/payload_index/o7e7rps0lhrk8nbfpo27kahq-part_id-map/gaps.dat
7fc29006d000-7fc290075000 rw-s 00000000 00:23 185286                     /tmp/edgememo-12b13-10295191522316359974/segments/a589c579-636a-401b-9df5-6084aec3cb84/payload_index/o7e7rps0lhrk8nbfpo27kahq-part_id-map/bitmask.dat
7fc290075000-7fc290076000 rw-s 00000000 00:23 184830                     /tmp/edgememo-12b13-10295191522316359974/segments/a589c579-636a-401b-9df5-6084aec3cb84/payload_index/uoqpv2nkd2lq26j4jq6p8tv9-_sync_de-null/is_null/status.dat
7fc290076000-7fc290077000 rw-s 00000000 00:23 184827                     /tmp/edgememo-12b13-10295191522316359974/segments/a589c579-636a-401b-9df5-6084aec3cb84/payload_index/uoqpv2nkd2lq26j4jq6p8tv9-_sync_de-null/has_values/status.dat
7fc290077000-7fc290078000 rw-s 00000000 00:23 184834                     /tmp/edgememo-12b13-10295191522316359974/segments/a589c579-636a-401b-9df5-6084aec3cb84/payload_index/uoqpv2nkd2lq26j4jq6p8tv9-_sync_de-map/gaps.dat
7fc290078000-7fc290080000 rw-s 00000000 00:23 184833                     /tmp/edgememo-12b13-10295191522316359974/segments/a589c579-636a-401b-9df5-6084aec3cb84/payload_index/uoqpv2nkd2lq26j4jq6p8tv9-_sync_de-map/bitmask.dat
7fc290080000-7fc290081000 rw-s 00000000 00:23 184938                     /tmp/edgememo-12b13-10295191522316359974/segments/a589c579-636a-401b-9df5-6084aec3cb84/payload_index/r3p3el5qnupkclo36d7fnbp5-_deleted-null/is_null/status.dat
7fc290081000-7fc290082000 rw-s 00000000 00:23 184935                     /tmp/edgememo-12b13-10295191522316359974/segments/a589c579-636a-401b-9df5-6084aec3cb84/payload_index/r3p3el5qnupkclo36d7fnbp5-_deleted-null/has_values/status.dat
7fc290082000-7fc290083000 rw-s 00000000 00:23 184949                     /tmp/edgememo-12b13-10295191522316359974/segments/a589c579-636a-401b-9df5-6084aec3cb84/payload_index/r3p3el5qnupkclo36d7fnbp5-_deleted-numeric/gaps.dat
7fc290083000-7fc29008b000 rw-s 00000000 00:23 184948                     /tmp/edgememo-12b13-10295191522316359974/segments/a589c579-636a-401b-9df5-6084aec3cb84/payload_index/r3p3el5qnupkclo36d7fnbp5-_deleted-numeric/bitmask.dat
7fc29008b000-7fc29008c000 rw-s 00000000 00:23 184942                     /tmp/edgememo-12b13-10295191522316359974/segments/a589c579-636a-401b-9df5-6084aec3cb84/payload_index/r3p3el5qnupkclo36d7fnbp5-_deleted-map/gaps.dat
7fc29008c000-7fc290094000 rw-s 00000000 00:23 184941                     /tmp/edgememo-12b13-10295191522316359974/segments/a589c579-636a-401b-9df5-6084aec3cb84/payload_index/r3p3el5qnupkclo36d7fnbp5-_deleted-map/bitmask.dat
7fc290094000-7fc290095000 rw-s 00000000 00:23 185175                     /tmp/edgememo-12b13-10295191522316359974/segments/a589c579-636a-401b-9df5-6084aec3cb84/payload_index/72ks3pp1b16q515p1jna9rbu-line-null/is_null/status.dat
7fc290095000-7fc290096000 rw-s 00000000 00:23 185172                     /tmp/edgememo-12b13-10295191522316359974/segments/a589c579-636a-401b-9df5-6084aec3cb84/payload_index/72ks3pp1b16q515p1jna9rbu-line-null/has_values/status.dat
7fc290096000-7fc290097000 rw-s 00000000 00:23 185179                     /tmp/edgememo-12b13-10295191522316359974/segments/a589c579-636a-401b-9df5-6084aec3cb84/payload_index/72ks3pp1b16q515p1jna9rbu-line-map/gaps.dat
7fc290097000-7fc29009f000 rw-s 00000000 00:23 185178                     /tmp/edgememo-12b13-10295191522316359974/segments/a589c579-636a-401b-9df5-6084aec3cb84/payload_index/72ks3pp1b16q515p1jna9rbu-line-map/bitmask.dat
7fc29009f000-7fc2900a0000 rw-s 00000000 00:23 184848                     /tmp/edgememo-12b13-10295191522316359974/segments/a589c579-636a-401b-9df5-6084aec3cb84/payload_index/qd10inocp4kdi06e5r6e004b-_sync_st-null/is_null/status.dat
7fc2900a0000-7fc2900a1000 rw-s 00000000 00:23 184845                     /tmp/edgememo-12b13-10295191522316359974/segments/a589c579-636a-401b-9df5-6084aec3cb84/payload_index/qd10inocp4kdi06e5r6e004b-_sync_st-null/has_values/status.dat
7fc2900a1000-7fc2900a2000 rw-s 00000000 00:23 184852                     /tmp/edgememo-12b13-10295191522316359974/segments/a589c579-636a-401b-9df5-6084aec3cb84/payload_index/qd10inocp4kdi06e5r6e004b-_sync_st-map/gaps.dat
7fc2900a2000-7fc2900aa000 rw-s 00000000 00:23 184851                     /tmp/edgememo-12b13-10295191522316359974/segments/a589c579-636a-401b-9df5-6084aec3cb84/payload_index/qd10inocp4kdi06e5r6e004b-_sync_st-map/bitmask.dat
7fc2900aa000-7fc2900ab000 rw-s 00000000 00:23 185139                     /tmp/edgememo-12b13-10295191522316359974/segments/a589c579-636a-401b-9df5-6084aec3cb84/payload_index/r7joqdbkcnomelo3flal247h-machine_-null/is_null/status.dat
7fc2900ab000-7fc2900ac000 rw-s 00000000 00:23 185136                     /tmp/edgememo-12b13-10295191522316359974/segments/a589c579-636a-401b-9df5-6084aec3cb84/payload_index/r7joqdbkcnomelo3flal247h-machine_-null/has_values/status.dat
7fc2900ac000-7fc2900ad000 rw-s 00000000 00:23 185143                     /tmp/edgememo-12b13-10295191522316359974/segments/a589c579-636a-401b-9df5-6084aec3cb84/payload_index/r7joqdbkcnomelo3flal247h-machine_-map/gaps.dat
7fc2900ad000-7fc2900b5000 rw-s 00000000 00:23 185142                     /tmp/edgememo-12b13-10295191522316359974/segments/a589c579-636a-401b-9df5-6084aec3cb84/payload_index/r7joqdbkcnomelo3flal247h-machine_-map/bitmask.dat
7fc2900b5000-7fc2900b6000 rw-s 00000000 00:23 184866                     /tmp/edgememo-12b13-10295191522316359974/segments/a589c579-636a-401b-9df5-6084aec3cb84/payload_index/30pt7bb3tk7amm4vtcjpt41c-_subject-null/is_null/status.dat
7fc2900b6000-7fc2900b7000 rw-s 00000000 00:23 184863                     /tmp/edgememo-12b13-10295191522316359974/segments/a589c579-636a-401b-9df5-6084aec3cb84/payload_index/30pt7bb3tk7amm4vtcjpt41c-_subject-null/has_values/status.dat
7fc2900b7000-7fc2900b8000 rw-s 00000000 00:23 184870                     /tmp/edgememo-12b13-10295191522316359974/segments/a589c579-636a-401b-9df5-6084aec3cb84/payload_index/30pt7bb3tk7amm4vtcjpt41c-_subject-map/gaps.dat
7fc2900b8000-7fc2900c0000 rw-s 00000000 00:23 184869                     /tmp/edgememo-12b13-10295191522316359974/segments/a589c579-636a-401b-9df5-6084aec3cb84/payload_index/30pt7bb3tk7amm4vtcjpt41c-_subject-map/bitmask.dat
7fc2900c0000-7fc2900c1000 rw-s 00000000 00:23 184902                     /tmp/edgememo-12b13-10295191522316359974/segments/a589c579-636a-401b-9df5-6084aec3cb84/payload_index/igaflpg374vfc9ai18mlthee-_superse-null/is_null/status.dat
7fc2900c1000-7fc2900c2000 rw-s 00000000 00:23 184899                     /tmp/edgememo-12b13-10295191522316359974/segments/a589c579-636a-401b-9df5-6084aec3cb84/payload_index/igaflpg374vfc9ai18mlthee-_superse-null/has_values/status.dat
7fc2900c2000-7fc2900c3000 rw-s 00000000 00:23 184906                     /tmp/edgememo-12b13-10295191522316359974/segments/a589c579-636a-401b-9df5-6084aec3cb84/payload_index/igaflpg374vfc9ai18mlthee-_superse-map/gaps.dat
7fc2900c3000-7fc2900cb000 rw-s 00000000 00:23 184905                     /tmp/edgememo-12b13-10295191522316359974/segments/a589c579-636a-401b-9df5-6084aec3cb84/payload_index/igaflpg374vfc9ai18mlthee-_superse-map/bitmask.dat
7fc2900cb000-7fc2900cc000 rw-s 00000000 00:23 185337                     /tmp/edgememo-12b13-10295191522316359974/segments/a589c579-636a-401b-9df5-6084aec3cb84/payload_index/eppnt024q8gsql8cvdau17ih-procedur-null/is_null/status.dat
7fc2900cc000-7fc2900cd000 rw-s 00000000 00:23 185334                     /tmp/edgememo-12b13-10295191522316359974/segments/a589c579-636a-401b-9df5-6084aec3cb84/payload_index/eppnt024q8gsql8cvdau17ih-procedur-null/has_values/status.dat
7fc2900cd000-7fc2900ce000 rw-s 00000000 00:23 185341                     /tmp/edgememo-12b13-10295191522316359974/segments/a589c579-636a-401b-9df5-6084aec3cb84/payload_index/eppnt024q8gsql8cvdau17ih-procedur-map/gaps.dat
7fc2900ce000-7fc2900d6000 rw-s 00000000 00:23 185340                     /tmp/edgememo-12b13-10295191522316359974/segments/a589c579-636a-401b-9df5-6084aec3cb84/payload_index/eppnt024q8gsql8cvdau17ih-procedur-map/bitmask.dat
7fc2900d6000-7fc2900d7000 rw-s 00000000 00:23 185103                     /tmp/edgememo-12b13-10295191522316359974/segments/a589c579-636a-401b-9df5-6084aec3cb84/payload_index/9valan7k3gs67v5jl4n94l0c-_tags-null/is_null/status.dat
7fc2900d7000-7fc2900d8000 rw-s 00000000 00:23 185100                     /tmp/edgememo-12b13-10295191522316359974/segments/a589c579-636a-401b-9df5-6084aec3cb84/payload_index/9valan7k3gs67v5jl4n94l0c-_tags-null/has_values/status.dat
7fc2900d8000-7fc2900d9000 rw-s 00000000 00:23 185107                     /tmp/edgememo-12b13-10295191522316359974/segments/a589c579-636a-401b-9df5-6084aec3cb84/payload_index/9valan7k3gs67v5jl4n94l0c-_tags-map/gaps.dat
7fc2900d9000-7fc2900e1000 rw-s 00000000 00:23 185106                     /tmp/edgememo-12b13-10295191522316359974/segments/a589c579-636a-401b-9df5-6084aec3cb84/payload_index/9valan7k3gs67v5jl4n94l0c-_tags-map/bitmask.dat
7fc2900e1000-7fc2900e2000 rw-s 00000000 00:23 184884                     /tmp/edgememo-12b13-10295191522316359974/segments/a589c579-636a-401b-9df5-6084aec3cb84/payload_index/jbpp4hmn4b7ij0ra91tttcsv-_content-null/is_null/status.dat
7fc2900e2000-7fc2900e3000 rw-s 00000000 00:23 184881                     /tmp/edgememo-12b13-10295191522316359974/segments/a589c579-636a-401b-9df5-6084aec3cb84/payload_index/jbpp4hmn4b7ij0ra91tttcsv-_content-null/has_values/status.dat
7fc2900e3000-7fc2900e4000 rw-s 00000000 00:23 184888                     /tmp/edgememo-12b13-10295191522316359974/segments/a589c579-636a-401b-9df5-6084aec3cb84/payload_index/jbpp4hmn4b7ij0ra91tttcsv-_content-map/gaps.dat
7fc2900e4000-7fc2900ec000 rw-s 00000000 00:23 184887                     /tmp/edgememo-12b13-10295191522316359974/segments/a589c579-636a-401b-9df5-6084aec3cb84/payload_index/jbpp4hmn4b7ij0ra91tttcsv-_content-map/bitmask.dat
7fc2900ec000-7fc2900ed000 rw-s 00000000 00:23 185017                     /tmp/edgememo-12b13-10295191522316359974/segments/a589c579-636a-401b-9df5-6084aec3cb84/payload_index/fe03rdktu4rm7snt3np8v5c4-_record_-null/is_null/status.dat
7fc2900ed000-7fc2900ee000 rw-s 00000000 00:23 185014                     /tmp/edgememo-12b13-10295191522316359974/segments/a589c579-636a-401b-9df5-6084aec3cb84/payload_index/fe03rdktu4rm7snt3np8v5c4-_record_-null/has_values/status.dat
7fc2900ee000-7fc2900ef000 rw-s 00000000 00:23 185021                     /tmp/edgememo-12b13-10295191522316359974/segments/a589c579-636a-401b-9df5-6084aec3cb84/payload_index/fe03rdktu4rm7snt3np8v5c4-_record_-map/gaps.dat
7fc2900ef000-7fc2900f7000 rw-s 00000000 00:23 185020                     /tmp/edgememo-12b13-10295191522316359974/segments/a589c579-636a-401b-9df5-6084aec3cb84/payload_index/fe03rdktu4rm7snt3np8v5c4-_record_-map/bitmask.dat
7fc2900f7000-7fc2900f8000 rw-s 00000000 00:23 184927                     /tmp/edgememo-12b13-10295191522316359974/segments/a589c579-636a-401b-9df5-6084aec3cb84/payload_index/2n6bjbka5q650pbeq50v1qfc-_tombsto-null/is_null/status.dat
7fc2900f8000-7fc2900f9000 rw-s 00000000 00:23 184924                     /tmp/edgememo-12b13-10295191522316359974/segments/a589c579-636a-401b-9df5-6084aec3cb84/payload_index/2n6bjbka5q650pbeq50v1qfc-_tombsto-null/has_values/status.dat
7fc2900f9000-7fc2900fa000 rw-s 00000000 00:23 184920                     /tmp/edgememo-12b13-10295191522316359974/segments/a589c579-636a-401b-9df5-6084aec3cb84/payload_index/2n6bjbka5q650pbeq50v1qfc-_tombsto-bool/falses/status.dat
7fc2900fa000-7fc2900fb000 rw-s 00000000 00:23 184917                     /tmp/edgememo-12b13-10295191522316359974/segments/a589c579-636a-401b-9df5-6084aec3cb84/payload_index/2n6bjbka5q650pbeq50v1qfc-_tombsto-bool/trues/status.dat
7fc2900fb000-7fc2900fc000 rw-s 00000000 00:23 184963                     /tmp/edgememo-12b13-10295191522316359974/segments/a589c579-636a-401b-9df5-6084aec3cb84/payload_index/72b7j39u8k1hk6vdg1kdpmv9-_origin-null/is_null/status.dat
7fc2900fc000-7fc2902fe000 rw-p 00000000 00:00 0 
7fc2902fe000-7fc2903ff000 rw-p 00000000 00:00 0 
7fc2903ff000-7fc291e2f000 rwxp 00000000 00:00 0 
7fc291e2f000-7fc29785f000 ---p 00000000 00:00 0 
7fc29785f000-7fc297d0f000 rwxp 00000000 00:00 0 
7fc297d0f000-7fc297fa0000 ---p 00000000 00:00 0 
7fc297fa0000-7fc2984d0000 rwxp 00000000 00:00 0 
7fc2984d0000-7fc29f400000 ---p 00000000 00:00 0 
7fc29f400000-7fc2a7f33000 r--s 00000000 103:07 26239832                  /home/sub/.gradle/jdks/eclipse_adoptium-25-amd64-linux.2/lib/modules
7fc2a7f33000-7fc2a7f34000 rw-s 00000000 00:23 184960                     /tmp/edgememo-12b13-10295191522316359974/segments/a589c579-636a-401b-9df5-6084aec3cb84/payload_index/72b7j39u8k1hk6vdg1kdpmv9-_origin-null/has_values/status.dat
7fc2a7f34000-7fc2a7f35000 rw-s 00000000 00:23 184967                     /tmp/edgememo-12b13-10295191522316359974/segments/a589c579-636a-401b-9df5-6084aec3cb84/payload_index/72b7j39u8k1hk6vdg1kdpmv9-_origin-map/gaps.dat
7fc2a7f35000-7fc2a7f3d000 rw-s 00000000 00:23 184966                     /tmp/edgememo-12b13-10295191522316359974/segments/a589c579-636a-401b-9df5-6084aec3cb84/payload_index/72b7j39u8k1hk6vdg1kdpmv9-_origin-map/bitmask.dat
7fc2a7f3d000-7fc2a7f3e000 rw-s 00000000 00:23 185053                     /tmp/edgememo-12b13-10295191522316359974/segments/a589c579-636a-401b-9df5-6084aec3cb84/payload_index/c3ieke3dnga2op643pf4401j-_lease_u-null/is_null/status.dat
7fc2a7f3e000-7fc2a7f3f000 rw-s 00000000 00:23 185050                     /tmp/edgememo-12b13-10295191522316359974/segments/a589c579-636a-401b-9df5-6084aec3cb84/payload_index/c3ieke3dnga2op643pf4401j-_lease_u-null/has_values/status.dat
7fc2a7f3f000-7fc2a7f40000 rw-s 00000000 00:23 185064                     /tmp/edgememo-12b13-10295191522316359974/segments/a589c579-636a-401b-9df5-6084aec3cb84/payload_index/c3ieke3dnga2op643pf4401j-_lease_u-numeric/gaps.dat
7fc2a7f40000-7fc2a7f48000 rw-s 00000000 00:23 185063                     /tmp/edgememo-12b13-10295191522316359974/segments/a589c579-636a-401b-9df5-6084aec3cb84/payload_index/c3ieke3dnga2op643pf4401j-_lease_u-numeric/bitmask.dat
7fc2a7f48000-7fc2a7f49000 rw-s 00000000 00:23 185057                     /tmp/edgememo-12b13-10295191522316359974/segments/a589c579-636a-401b-9df5-6084aec3cb84/payload_index/c3ieke3dnga2op643pf4401j-_lease_u-map/gaps.dat
7fc2a7f49000-7fc2a7f51000 rw-s 00000000 00:23 185056                     /tmp/edgememo-12b13-10295191522316359974/segments/a589c579-636a-401b-9df5-6084aec3cb84/payload_index/c3ieke3dnga2op643pf4401j-_lease_u-map/bitmask.dat
7fc2a7f51000-7fc2a7f52000 rw-s 00000000 00:23 184762                     /tmp/edgememo-12b13-10295191522316359974/segments/a589c579-636a-401b-9df5-6084aec3cb84/payload_index/dkspn77eo5kcq13l57mufauc-_created-null/is_null/status.dat
7fc2a7f52000-7fc2a7f53000 rw-s 00000000 00:23 184759                     /tmp/edgememo-12b13-10295191522316359974/segments/a589c579-636a-401b-9df5-6084aec3cb84/payload_index/dkspn77eo5kcq13l57mufauc-_created-null/has_values/status.dat
7fc2a7f53000-7fc2a7f54000 rw-s 00000000 00:23 184773                     /tmp/edgememo-12b13-10295191522316359974/segments/a589c579-636a-401b-9df5-6084aec3cb84/payload_index/dkspn77eo5kcq13l57mufauc-_created-numeric/gaps.dat
7fc2a7f54000-7fc2a7f5c000 rw-s 00000000 00:23 184772                     /tmp/edgememo-12b13-10295191522316359974/segments/a589c579-636a-401b-9df5-6084aec3cb84/payload_index/dkspn77eo5kcq13l57mufauc-_created-numeric/bitmask.dat
7fc2a7f5c000-7fc2a7f5d000 rw-s 00000000 00:23 184766                     /tmp/edgememo-12b13-10295191522316359974/segments/a589c579-636a-401b-9df5-6084aec3cb84/payload_index/dkspn77eo5kcq13l57mufauc-_created-map/gaps.dat
7fc2a7f5d000-7fc2a7f65000 rw-s 00000000 00:23 184765                     /tmp/edgememo-12b13-10295191522316359974/segments/a589c579-636a-401b-9df5-6084aec3cb84/payload_index/dkspn77eo5kcq13l57mufauc-_created-map/bitmask.dat
7fc2a7f65000-7fc2a7f66000 rw-s 00000000 00:23 184737                     /tmp/edgememo-12b13-10295191522316359974/segments/a589c579-636a-401b-9df5-6084aec3cb84/payload_index/0au8ulopcsb7jffkcqcu13eo-_version-null/is_null/status.dat
7fc2a7f66000-7fc2a7f67000 rw-s 00000000 00:23 184734                     /tmp/edgememo-12b13-10295191522316359974/segments/a589c579-636a-401b-9df5-6084aec3cb84/payload_index/0au8ulopcsb7jffkcqcu13eo-_version-null/has_values/status.dat
7fc2a7f67000-7fc2a7f68000 rw-s 00000000 00:23 184748                     /tmp/edgememo-12b13-10295191522316359974/segments/a589c579-636a-401b-9df5-6084aec3cb84/payload_index/0au8ulopcsb7jffkcqcu13eo-_version-numeric/gaps.dat
7fc2a7f68000-7fc2a7f70000 rw-s 00000000 00:23 184747                     /tmp/edgememo-12b13-10295191522316359974/segments/a589c579-636a-401b-9df5-6084aec3cb84/payload_index/0au8ulopcsb7jffkcqcu13eo-_version-numeric/bitmask.dat
7fc2a7f70000-7fc2a7f71000 rw-s 00000000 00:23 184741                     /tmp/edgememo-12b13-10295191522316359974/segments/a589c579-636a-401b-9df5-6084aec3cb84/payload_index/0au8ulopcsb7jffkcqcu13eo-_version-map/gaps.dat
7fc2a7f71000-7fc2a7f79000 rw-s 00000000 00:23 184740                     /tmp/edgememo-12b13-10295191522316359974/segments/a589c579-636a-401b-9df5-6084aec3cb84/payload_index/0au8ulopcsb7jffkcqcu13eo-_version-map/bitmask.dat
7fc2a7f79000-7fc2a7f7a000 rw-s 00000000 00:23 185265                     /tmp/edgememo-12b13-10295191522316359974/segments/a589c579-636a-401b-9df5-6084aec3cb84/payload_index/ubi6s05md8hgtgi08lv1drfe-work_typ-null/is_null/status.dat
7fc2a7f7a000-7fc2a7f7b000 rw-s 00000000 00:23 185262                     /tmp/edgememo-12b13-10295191522316359974/segments/a589c579-636a-401b-9df5-6084aec3cb84/payload_index/ubi6s05md8hgtgi08lv1drfe-work_typ-null/has_values/status.dat
7fc2a7f7b000-7fc2a7f7c000 rw-s 00000000 00:23 185269                     /tmp/edgememo-12b13-10295191522316359974/segments/a589c579-636a-401b-9df5-6084aec3cb84/payload_index/ubi6s05md8hgtgi08lv1drfe-work_typ-map/gaps.dat
7fc2a7f7c000-7fc2a7f84000 rw-s 00000000 00:23 185268                     /tmp/edgememo-12b13-10295191522316359974/segments/a589c579-636a-401b-9df5-6084aec3cb84/payload_index/ubi6s05md8hgtgi08lv1drfe-work_typ-map/bitmask.dat
7fc2a7f84000-7fc2a7f85000 rw-s 00000000 00:23 185035                     /tmp/edgememo-12b13-10295191522316359974/segments/a589c579-636a-401b-9df5-6084aec3cb84/payload_index/v500oudt9ldbj2gc45c110o4-_state-null/is_null/status.dat
7fc2a7f85000-7fc2a7f86000 rw-s 00000000 00:23 185032                     /tmp/edgememo-12b13-10295191522316359974/segments/a589c579-636a-401b-9df5-6084aec3cb84/payload_index/v500oudt9ldbj2gc45c110o4-_state-null/has_values/status.dat
7fc2a7f86000-7fc2a7f87000 rw-s 00000000 00:23 185039                     /tmp/edgememo-12b13-10295191522316359974/segments/a589c579-636a-401b-9df5-6084aec3cb84/payload_index/v500oudt9ldbj2gc45c110o4-_state-map/gaps.dat
7fc2a7f87000-7fc2a7f8f000 rw-s 00000000 00:23 185038                     /tmp/edgememo-12b13-10295191522316359974/segments/a589c579-636a-401b-9df5-6084aec3cb84/payload_index/v500oudt9ldbj2gc45c110o4-_state-map/bitmask.dat
7fc2a7f8f000-7fc2a7f90000 rw-s 00000000 00:23 185373                     /tmp/edgememo-12b13-10295191522316359974/segments/a589c579-636a-401b-9df5-6084aec3cb84/payload_index/t0cjbus68d6dlbne47lu0kec-geo-null/is_null/status.dat
7fc2a7f90000-7fc2a7f91000 rw-s 00000000 00:23 185370                     /tmp/edgememo-12b13-10295191522316359974/segments/a589c579-636a-401b-9df5-6084aec3cb84/payload_index/t0cjbus68d6dlbne47lu0kec-geo-null/has_values/status.dat
7fc2a7f91000-7fc2a7f92000 rw-s 00000000 00:23 185377                     /tmp/edgememo-12b13-10295191522316359974/segments/a589c579-636a-401b-9df5-6084aec3cb84/payload_index/t0cjbus68d6dlbne47lu0kec-geo-map/gaps.dat
7fc2a7f92000-7fc2a7f9a000 rw-s 00000000 00:23 185376                     /tmp/edgememo-12b13-10295191522316359974/segments/a589c579-636a-401b-9df5-6084aec3cb84/payload_index/t0cjbus68d6dlbne47lu0kec-geo-map/bitmask.dat
7fc2a7f9a000-7fc2a7f9b000 rw-s 00000000 00:23 184812                     /tmp/edgememo-12b13-10295191522316359974/segments/a589c579-636a-401b-9df5-6084aec3cb84/payload_index/umsm8dr4uif8js5btcq1rrb2-_source-null/is_null/status.dat
7fc2a7f9b000-7fc2a7f9c000 rw-s 00000000 00:23 184809                     /tmp/edgememo-12b13-10295191522316359974/segments/a589c579-636a-401b-9df5-6084aec3cb84/payload_index/umsm8dr4uif8js5btcq1rrb2-_source-null/has_values/status.dat
7fc2a7f9c000-7fc2a7f9d000 rw-s 00000000 00:23 184816                     /tmp/edgememo-12b13-10295191522316359974/segments/a589c579-636a-401b-9df5-6084aec3cb84/payload_index/umsm8dr4uif8js5btcq1rrb2-_source-map/gaps.dat
7fc2a7f9d000-7fc2a7fa5000 rw-s 00000000 00:23 184815                     /tmp/edgememo-12b13-10295191522316359974/segments/a589c579-636a-401b-9df5-6084aec3cb84/payload_index/umsm8dr4uif8js5btcq1rrb2-_source-map/bitmask.dat
7fc2a7fa5000-7fc2a7fa6000 rw-s 00000000 00:23 185355                     /tmp/edgememo-12b13-10295191522316359974/segments/a589c579-636a-401b-9df5-6084aec3cb84/payload_index/qsijmcu5b3f5ftioo2jn6aiq-inspecti-null/is_null/status.dat
7fc2a7fa6000-7fc2a7fa7000 rw-s 00000000 00:23 185352                     /tmp/edgememo-12b13-10295191522316359974/segments/a589c579-636a-401b-9df5-6084aec3cb84/payload_index/qsijmcu5b3f5ftioo2jn6aiq-inspecti-null/has_values/status.dat
7fc2a7fa7000-7fc2a7fa8000 rw-s 00000000 00:23 185359                     /tmp/edgememo-12b13-10295191522316359974/segments/a589c579-636a-401b-9df5-6084aec3cb84/payload_index/qsijmcu5b3f5ftioo2jn6aiq-inspecti-map/gaps.dat
7fc2a7fa8000-7fc2a7fb0000 rw-s 00000000 00:23 185358                     /tmp/edgememo-12b13-10295191522316359974/segments/a589c579-636a-401b-9df5-6084aec3cb84/payload_index/qsijmcu5b3f5ftioo2jn6aiq-inspecti-map/bitmask.dat
7fc2a7fb0000-7fc2a7fb1000 rw-s 00000000 00:23 185301                     /tmp/edgememo-12b13-10295191522316359974/segments/a589c579-636a-401b-9df5-6084aec3cb84/payload_index/ptgq425gbh1n8jvd8sfin4re-technici-null/is_null/status.dat
7fc2a7fb1000-7fc2a7fb2000 rw-s 00000000 00:23 185298                     /tmp/edgememo-12b13-10295191522316359974/segments/a589c579-636a-401b-9df5-6084aec3cb84/payload_index/ptgq425gbh1n8jvd8sfin4re-technici-null/has_values/status.dat
7fc2a7fb2000-7fc2a7fb3000 rw-s 00000000 00:23 185305                     /tmp/edgememo-12b13-10295191522316359974/segments/a589c579-636a-401b-9df5-6084aec3cb84/payload_index/ptgq425gbh1n8jvd8sfin4re-technici-map/gaps.dat
7fc2a7fb3000-7fc2a7fbb000 rw-s 00000000 00:23 185304                     /tmp/edgememo-12b13-10295191522316359974/segments/a589c579-636a-401b-9df5-6084aec3cb84/payload_index/ptgq425gbh1n8jvd8sfin4re-technici-map/bitmask.dat
7fc2a7fbb000-7fc2a7fbc000 rw-s 00000000 00:23 184787                     /tmp/edgememo-12b13-10295191522316359974/segments/a589c579-636a-401b-9df5-6084aec3cb84/payload_index/7aohgnd4p5bgqvpdbv6jflf0-_updated-null/is_null/status.dat
7fc2a7fbc000-7fc2a7fbd000 rw-s 00000000 00:23 184784                     /tmp/edgememo-12b13-10295191522316359974/segments/a589c579-636a-401b-9df5-6084aec3cb84/payload_index/7aohgnd4p5bgqvpdbv6jflf0-_updated-null/has_values/status.dat
7fc2a7fbd000-7fc2a7fbe000 rw-s 00000000 00:23 184798                     /tmp/edgememo-12b13-10295191522316359974/segments/a589c579-636a-401b-9df5-6084aec3cb84/payload_index/7aohgnd4p5bgqvpdbv6jflf0-_updated-numeric/gaps.dat
7fc2a7fbe000-7fc2a7fc6000 rw-s 00000000 00:23 184797                     /tmp/edgememo-12b13-10295191522316359974/segments/a589c579-636a-401b-9df5-6084aec3cb84/payload_index/7aohgnd4p5bgqvpdbv6jflf0-_updated-numeric/bitmask.dat
7fc2a7fc6000-7fc2a7fc7000 rw-s 00000000 00:23 184791                     /tmp/edgememo-12b13-10295191522316359974/segments/a589c579-636a-401b-9df5-6084aec3cb84/payload_index/7aohgnd4p5bgqvpdbv6jflf0-_updated-map/gaps.dat
7fc2a7fc7000-7fc2a7fcf000 rw-s 00000000 00:23 184790                     /tmp/edgememo-12b13-10295191522316359974/segments/a589c579-636a-401b-9df5-6084aec3cb84/payload_index/7aohgnd4p5bgqvpdbv6jflf0-_updated-map/bitmask.dat
7fc2a7fcf000-7fc2a7fd0000 rw-s 00000000 00:23 185193                     /tmp/edgememo-12b13-10295191522316359974/segments/a589c579-636a-401b-9df5-6084aec3cb84/payload_index/agv37h4b7ght7cvf2k9lgkpr-zone-null/is_null/status.dat
7fc2a7fd0000-7fc2a7fd1000 rw-s 00000000 00:23 185190                     /tmp/edgememo-12b13-10295191522316359974/segments/a589c579-636a-401b-9df5-6084aec3cb84/payload_index/agv37h4b7ght7cvf2k9lgkpr-zone-null/has_values/status.dat
7fc2a7fd1000-7fc2a7fd2000 rw-s 00000000 00:23 185197                     /tmp/edgememo-12b13-10295191522316359974/segments/a589c579-636a-401b-9df5-6084aec3cb84/payload_index/agv37h4b7ght7cvf2k9lgkpr-zone-map/gaps.dat
7fc2a7fd2000-7fc2a7fda000 rw-s 00000000 00:23 185196                     /tmp/edgememo-12b13-10295191522316359974/segments/a589c579-636a-401b-9df5-6084aec3cb84/payload_index/agv37h4b7ght7cvf2k9lgkpr-zone-map/bitmask.dat
7fc2a7fda000-7fc2a7fdb000 rw-s 00000000 00:23 185157                     /tmp/edgememo-12b13-10295191522316359974/segments/a589c579-636a-401b-9df5-6084aec3cb84/payload_index/io24r5pkmo2429uuk9798hum-plant-null/is_null/status.dat
7fc2a7fdb000-7fc2a7fdc000 rw-s 00000000 00:23 185154                     /tmp/edgememo-12b13-10295191522316359974/segments/a589c579-636a-401b-9df5-6084aec3cb84/payload_index/io24r5pkmo2429uuk9798hum-plant-null/has_values/status.dat
7fc2a7fdc000-7fc2a7fdd000 rw-s 00000000 00:23 185161                     /tmp/edgememo-12b13-10295191522316359974/segments/a589c579-636a-401b-9df5-6084aec3cb84/payload_index/io24r5pkmo2429uuk9798hum-plant-map/gaps.dat
7fc2a7fdd000-7fc2a7fe5000 rw-s 00000000 00:23 185160                     /tmp/edgememo-12b13-10295191522316359974/segments/a589c579-636a-401b-9df5-6084aec3cb84/payload_index/io24r5pkmo2429uuk9798hum-plant-map/bitmask.dat
7fc2a7fe5000-7fc2a7fe6000 rw-s 00000000 00:23 185319                     /tmp/edgememo-12b13-10295191522316359974/segments/a589c579-636a-401b-9df5-6084aec3cb84/payload_index/5a76b4slfoo2d0uc2u69ieei-document-null/is_null/status.dat
7fc2a7fe6000-7fc2a7fe7000 rw-s 00000000 00:23 185316                     /tmp/edgememo-12b13-10295191522316359974/segments/a589c579-636a-401b-9df5-6084aec3cb84/payload_index/5a76b4slfoo2d0uc2u69ieei-document-null/has_values/status.dat
7fc2a7fe7000-7fc2a7fe8000 rw-s 00000000 00:23 185323                     /tmp/edgememo-12b13-10295191522316359974/segments/a589c579-636a-401b-9df5-6084aec3cb84/payload_index/5a76b4slfoo2d0uc2u69ieei-document-map/gaps.dat
7fc2a7fe8000-7fc2a7ff0000 rw-s 00000000 00:23 185322                     /tmp/edgememo-12b13-10295191522316359974/segments/a589c579-636a-401b-9df5-6084aec3cb84/payload_index/5a76b4slfoo2d0uc2u69ieei-document-map/bitmask.dat
7fc2a7ff0000-7fc2a7ff8000 rw-s 00000000 00:23 185214                     /tmp/edgememo-12b13-10295191522316359974/segments/a589c579-636a-401b-9df5-6084aec3cb84/payload_index/opqupp5gl5ni13pgeffph29t-failure_-map/bitmask.dat
7fc2a7ff8000-7fc2a8000000 rw-s 00000000 00:23 185124                     /tmp/edgememo-12b13-10295191522316359974/segments/a589c579-636a-401b-9df5-6084aec3cb84/payload_index/4motg86cf3dql3j8kf1v1ug5-machine_-map/bitmask.dat
7fc2a8000000-7fc2a8a69000 rw-p 00000000 00:00 0 
7fc2a8a69000-7fc2ac000000 ---p 00000000 00:00 0 
7fc2ac000000-7fc2ac001000 rw-s 00000000 00:23 185211                     /tmp/edgememo-12b13-10295191522316359974/segments/a589c579-636a-401b-9df5-6084aec3cb84/payload_index/opqupp5gl5ni13pgeffph29t-failure_-null/is_null/status.dat
7fc2ac001000-7fc2ac002000 rw-s 00000000 00:23 185208                     /tmp/edgememo-12b13-10295191522316359974/segments/a589c579-636a-401b-9df5-6084aec3cb84/payload_index/opqupp5gl5ni13pgeffph29t-failure_-null/has_values/status.dat
7fc2ac002000-7fc2ac003000 rw-s 00000000 00:23 185215                     /tmp/edgememo-12b13-10295191522316359974/segments/a589c579-636a-401b-9df5-6084aec3cb84/payload_index/opqupp5gl5ni13pgeffph29t-failure_-map/gaps.dat
7fc2ac003000-7fc2ac004000 rw-s 00000000 00:23 185121                     /tmp/edgememo-12b13-10295191522316359974/segments/a589c579-636a-401b-9df5-6084aec3cb84/payload_index/4motg86cf3dql3j8kf1v1ug5-machine_-null/is_null/status.dat
7fc2ac004000-7fc2ac005000 rw-s 00000000 00:23 185118                     /tmp/edgememo-12b13-10295191522316359974/segments/a589c579-636a-401b-9df5-6084aec3cb84/payload_index/4motg86cf3dql3j8kf1v1ug5-machine_-null/has_values/status.dat
7fc2ac005000-7fc2ac006000 rw-s 00000000 00:23 185125                     /tmp/edgememo-12b13-10295191522316359974/segments/a589c579-636a-401b-9df5-6084aec3cb84/payload_index/4motg86cf3dql3j8kf1v1ug5-machine_-map/gaps.dat
7fc2ac006000-7fc2ac007000 rw-s 00000000 00:23 184683                     /tmp/edgememo-12b13-10295191522316359974/segments/a589c579-636a-401b-9df5-6084aec3cb84/vector_storage-semantic/deleted/status.dat
7fc2ac007000-7fc2ac008000 rw-s 00000000 00:23 184679                     /tmp/edgememo-12b13-10295191522316359974/segments/a589c579-636a-401b-9df5-6084aec3cb84/vector_storage-semantic/vectors/status.dat
7fc2ac008000-7fc2ac010000 rw-s 00000000 00:23 184670                     /tmp/edgememo-12b13-10295191522316359974/segments/a589c579-636a-401b-9df5-6084aec3cb84/payload_storage/bitmask.dat
7fc2ac010000-7fc2ac011000 rw-p 00000000 00:00 0 
7fc2ac011000-7fc2ac015000 ---p 00000000 00:00 0 
7fc2ac015000-7fc2ac033000 rw-p 00000000 00:00 0 
7fc2ac033000-7fc2ac037000 r--p 00000000 103:07 14198589                  /usr/lib/libgcc_s.so.1
7fc2ac037000-7fc2ac05a000 r-xp 00004000 103:07 14198589                  /usr/lib/libgcc_s.so.1
7fc2ac05a000-7fc2ac05e000 r--p 00027000 103:07 14198589                  /usr/lib/libgcc_s.so.1
7fc2ac05e000-7fc2ac05f000 r--p 0002b000 103:07 14198589                  /usr/lib/libgcc_s.so.1
7fc2ac05f000-7fc2ac060000 rw-p 0002c000 103:07 14198589                  /usr/lib/libgcc_s.so.1
7fc2ac060000-7fc2ac062000 r--p 00000000 103:07 26239854                  /home/sub/.gradle/jdks/eclipse_adoptium-25-amd64-linux.2/lib/libzip.so
7fc2ac062000-7fc2ac075000 r-xp 00002000 103:07 26239854                  /home/sub/.gradle/jdks/eclipse_adoptium-25-amd64-linux.2/lib/libzip.so
7fc2ac075000-7fc2ac07c000 r--p 00015000 103:07 26239854                  /home/sub/.gradle/jdks/eclipse_adoptium-25-amd64-linux.2/lib/libzip.so
7fc2ac07c000-7fc2ac07d000 r--p 0001c000 103:07 26239854                  /home/sub/.gradle/jdks/eclipse_adoptium-25-amd64-linux.2/lib/libzip.so
7fc2ac07d000-7fc2ac07e000 rw-p 0001d000 103:07 26239854                  /home/sub/.gradle/jdks/eclipse_adoptium-25-amd64-linux.2/lib/libzip.so
7fc2ac07e000-7fc2ac0ff000 rw-p 00000000 00:00 0 
7fc2ac0ff000-7fc2ac200000 rw-p 00000000 00:00 0 
7fc2ac200000-7fc2ac3ec000 rw-p 00000000 00:00 0 
7fc2ac3ec000-7fc2ac464000 ---p 00000000 00:00 0 
7fc2ac464000-7fc2ac498000 rw-p 00000000 00:00 0 
7fc2ac498000-7fc2ac5d4000 ---p 00000000 00:00 0 
7fc2ac5d4000-7fc2ac5d8000 rw-p 00000000 00:00 0 
7fc2ac5d8000-7fc2ac9b8000 ---p 00000000 00:00 0 
7fc2ac9b8000-7fc2aca00000 rw-p 00000000 00:00 0 
7fc2aca00000-7fc2aca01000 rw-s 00000000 00:23 184672                     /tmp/edgememo-12b13-10295191522316359974/segments/a589c579-636a-401b-9df5-6084aec3cb84/payload_storage/gaps.dat
7fc2aca01000-7fc2aca09000 rw-s 00000000 00:23 113451                     /tmp/robolectric-FilterCompilerTest_rangeCompilesWithBounds11312247765386194248/com.example.EdgeMemo-dataDir/no_backup/androidx.work.workdb-shm
7fc2aca09000-7fc2aca0d000 r--p 00000000 103:07 26239840                  /home/sub/.gradle/jdks/eclipse_adoptium-25-amd64-linux.2/lib/libverify.so
7fc2aca0d000-7fc2aca16000 r-xp 00004000 103:07 26239840                  /home/sub/.gradle/jdks/eclipse_adoptium-25-amd64-linux.2/lib/libverify.so
7fc2aca16000-7fc2aca18000 r--p 0000d000 103:07 26239840                  /home/sub/.gradle/jdks/eclipse_adoptium-25-amd64-linux.2/lib/libverify.so
7fc2aca18000-7fc2aca1a000 r--p 0000e000 103:07 26239840                  /home/sub/.gradle/jdks/eclipse_adoptium-25-amd64-linux.2/lib/libverify.so
7fc2aca1a000-7fc2aca1b000 rw-p 00010000 103:07 26239840                  /home/sub/.gradle/jdks/eclipse_adoptium-25-amd64-linux.2/lib/libverify.so
7fc2aca1b000-7fc2acb1c000 rw-p 00000000 00:00 0 
7fc2acb1c000-7fc2acb5a000 rw-p 00000000 00:00 0 
7fc2acb5a000-7fc2acb68000 ---p 00000000 00:00 0 
7fc2acb68000-7fc2acb6f000 rw-p 00000000 00:00 0 
7fc2acb6f000-7fc2acb96000 ---p 00000000 00:00 0 
7fc2acb96000-7fc2acb97000 rw-p 00000000 00:00 0 
7fc2acb97000-7fc2acc13000 ---p 00000000 00:00 0 
7fc2acc13000-7fc2acc5a000 rw-p 00000000 00:00 0 
7fc2acc5a000-7fc2acc68000 ---p 00000000 00:00 0 
7fc2acc68000-7fc2acc6f000 rw-p 00000000 00:00 0 
7fc2acc6f000-7fc2acc96000 ---p 00000000 00:00 0 
7fc2acc96000-7fc2acc97000 rw-p 00000000 00:00 0 
7fc2acc97000-7fc2acd13000 ---p 00000000 00:00 0 
7fc2acd13000-7fc2adf39000 rw-p 00000000 00:00 0 
7fc2adf39000-7fc2ae017000 ---p 00000000 00:00 0 
7fc2ae017000-7fc2ae04c000 rw-p 00000000 00:00 0 
7fc2ae04c000-7fc2ae100000 ---p 00000000 00:00 0 
7fc2ae100000-7fc2ae104000 ---p 00000000 00:00 0 
7fc2ae104000-7fc2ae200000 rw-p 00000000 00:00 0 
7fc2ae200000-7fc2ae4e3000 r--p 00000000 103:07 26239851                  /home/sub/.gradle/jdks/eclipse_adoptium-25-amd64-linux.2/lib/server/libjvm.so
7fc2ae4e3000-7fc2af56f000 r-xp 002e3000 103:07 26239851                  /home/sub/.gradle/jdks/eclipse_adoptium-25-amd64-linux.2/lib/server/libjvm.so
7fc2af56f000-7fc2af880000 r--p 0136f000 103:07 26239851                  /home/sub/.gradle/jdks/eclipse_adoptium-25-amd64-linux.2/lib/server/libjvm.so
7fc2af880000-7fc2af96b000 r--p 01680000 103:07 26239851                  /home/sub/.gradle/jdks/eclipse_adoptium-25-amd64-linux.2/lib/server/libjvm.so
7fc2af96b000-7fc2af996000 rw-p 0176b000 103:07 26239851                  /home/sub/.gradle/jdks/eclipse_adoptium-25-amd64-linux.2/lib/server/libjvm.so
7fc2af996000-7fc2afa13000 rw-p 00000000 00:00 0 
7fc2afa13000-7fc2afa14000 rw-p 00000000 00:00 0 
7fc2afa14000-7fc2afa15000 rw-p 00000000 00:00 0 
7fc2afa15000-7fc2afa1d000 r--p 00000000 103:07 26239829                  /home/sub/.gradle/jdks/eclipse_adoptium-25-amd64-linux.2/lib/libnio.so
7fc2afa1d000-7fc2afa26000 r-xp 00008000 103:07 26239829                  /home/sub/.gradle/jdks/eclipse_adoptium-25-amd64-linux.2/lib/libnio.so
7fc2afa26000-7fc2afa2a000 r--p 00011000 103:07 26239829                  /home/sub/.gradle/jdks/eclipse_adoptium-25-amd64-linux.2/lib/libnio.so
7fc2afa2a000-7fc2afa2b000 r--p 00015000 103:07 26239829                  /home/sub/.gradle/jdks/eclipse_adoptium-25-amd64-linux.2/lib/libnio.so
7fc2afa2b000-7fc2afa2c000 rw-p 00016000 103:07 26239829                  /home/sub/.gradle/jdks/eclipse_adoptium-25-amd64-linux.2/lib/libnio.so
7fc2afa2c000-7fc2afa2d000 r--p 00000000 103:07 26239841                  /home/sub/.gradle/jdks/eclipse_adoptium-25-amd64-linux.2/lib/libsimdsort.so
7fc2afa2d000-7fc2afa66000 r-xp 00001000 103:07 26239841                  /home/sub/.gradle/jdks/eclipse_adoptium-25-amd64-linux.2/lib/libsimdsort.so
7fc2afa66000-7fc2afa6c000 r--p 0003a000 103:07 26239841                  /home/sub/.gradle/jdks/eclipse_adoptium-25-amd64-linux.2/lib/libsimdsort.so
7fc2afa6c000-7fc2afa6d000 r--p 0003f000 103:07 26239841                  /home/sub/.gradle/jdks/eclipse_adoptium-25-amd64-linux.2/lib/libsimdsort.so
7fc2afa6d000-7fc2afa6e000 rw-p 00040000 103:07 26239841                  /home/sub/.gradle/jdks/eclipse_adoptium-25-amd64-linux.2/lib/libsimdsort.so
7fc2afa6e000-7fc2afac9000 rw-p 00000000 00:00 0 
7fc2afac9000-7fc2afad9000 r--p 00000000 103:07 14158861                  /usr/lib/libm.so.6
7fc2afad9000-7fc2afb75000 r-xp 00010000 103:07 14158861                  /usr/lib/libm.so.6
7fc2afb75000-7fc2afbfe000 r--p 000ac000 103:07 14158861                  /usr/lib/libm.so.6
7fc2afbfe000-7fc2afbff000 r--p 00134000 103:07 14158861                  /usr/lib/libm.so.6
7fc2afbff000-7fc2afc00000 rw-p 00135000 103:07 14158861                  /usr/lib/libm.so.6
7fc2afc00000-7fc2afc24000 r--p 00000000 103:07 14158840                  /usr/lib/libc.so.6
7fc2afc24000-7fc2afd9f000 r-xp 00024000 103:07 14158840                  /usr/lib/libc.so.6
7fc2afd9f000-7fc2afe15000 r--p 0019f000 103:07 14158840                  /usr/lib/libc.so.6
7fc2afe15000-7fc2afe19000 r--p 00214000 103:07 14158840                  /usr/lib/libc.so.6
7fc2afe19000-7fc2afe1b000 rw-p 00218000 103:07 14158840                  /usr/lib/libc.so.6
7fc2afe1b000-7fc2afe23000 rw-p 00000000 00:00 0 
7fc2afe23000-7fc2afe24000 r--p 00000000 103:07 26239833                  /home/sub/.gradle/jdks/eclipse_adoptium-25-amd64-linux.2/lib/libextnet.so
7fc2afe24000-7fc2afe25000 r-xp 00001000 103:07 26239833                  /home/sub/.gradle/jdks/eclipse_adoptium-25-amd64-linux.2/lib/libextnet.so
7fc2afe25000-7fc2afe26000 r--p 00002000 103:07 26239833                  /home/sub/.gradle/jdks/eclipse_adoptium-25-amd64-linux.2/lib/libextnet.so
7fc2afe26000-7fc2afe27000 r--p 00002000 103:07 26239833                  /home/sub/.gradle/jdks/eclipse_adoptium-25-amd64-linux.2/lib/libextnet.so
7fc2afe27000-7fc2afe28000 rw-p 00003000 103:07 26239833                  /home/sub/.gradle/jdks/eclipse_adoptium-25-amd64-linux.2/lib/libextnet.so
7fc2afe28000-7fc2afe2b000 r--p 00000000 103:07 26239816                  /home/sub/.gradle/jdks/eclipse_adoptium-25-amd64-linux.2/lib/libnet.so
7fc2afe2b000-7fc2afe33000 r-xp 00003000 103:07 26239816                  /home/sub/.gradle/jdks/eclipse_adoptium-25-amd64-linux.2/lib/libnet.so
7fc2afe33000-7fc2afe35000 r--p 0000b000 103:07 26239816                  /home/sub/.gradle/jdks/eclipse_adoptium-25-amd64-linux.2/lib/libnet.so
7fc2afe35000-7fc2afe36000 r--p 0000c000 103:07 26239816                  /home/sub/.gradle/jdks/eclipse_adoptium-25-amd64-linux.2/lib/libnet.so
7fc2afe36000-7fc2afe37000 rw-p 0000d000 103:07 26239816                  /home/sub/.gradle/jdks/eclipse_adoptium-25-amd64-linux.2/lib/libnet.so
7fc2afe37000-7fc2afec4000 rw-p 00000000 00:00 0 
7fc2afec4000-7fc2afec9000 ---p 00000000 00:00 0 
7fc2afec9000-7fc2afed7000 r--p 00000000 103:07 26239858                  /home/sub/.gradle/jdks/eclipse_adoptium-25-amd64-linux.2/lib/libjava.so
7fc2afed7000-7fc2afee5000 r-xp 0000e000 103:07 26239858                  /home/sub/.gradle/jdks/eclipse_adoptium-25-amd64-linux.2/lib/libjava.so
7fc2afee5000-7fc2afeea000 r--p 0001c000 103:07 26239858                  /home/sub/.gradle/jdks/eclipse_adoptium-25-amd64-linux.2/lib/libjava.so
7fc2afeea000-7fc2afeeb000 r--p 00021000 103:07 26239858                  /home/sub/.gradle/jdks/eclipse_adoptium-25-amd64-linux.2/lib/libjava.so
7fc2afeeb000-7fc2afeec000 rw-p 00022000 103:07 26239858                  /home/sub/.gradle/jdks/eclipse_adoptium-25-amd64-linux.2/lib/libjava.so
7fc2afeec000-7fc2afeed000 rw-p 00000000 00:00 0 
7fc2afeed000-7fc2afef5000 rw-s 00000000 00:23 113191                     /tmp/hsperfdata_sub/75144
7fc2afef5000-7fc2afef6000 ---p 00000000 00:00 0 
7fc2afef6000-7fc2afef7000 r--p 00000000 00:00 0 
7fc2afef7000-7fc2afef8000 ---p 00000000 00:00 0 
7fc2afef8000-7fc2afefc000 r--p 00000000 103:07 26239825                  /home/sub/.gradle/jdks/eclipse_adoptium-25-amd64-linux.2/lib/libjimage.so
7fc2afefc000-7fc2aff14000 r-xp 00004000 103:07 26239825                  /home/sub/.gradle/jdks/eclipse_adoptium-25-amd64-linux.2/lib/libjimage.so
7fc2aff14000-7fc2aff1a000 r--p 0001c000 103:07 26239825                  /home/sub/.gradle/jdks/eclipse_adoptium-25-amd64-linux.2/lib/libjimage.so
7fc2aff1a000-7fc2aff1c000 r--p 00021000 103:07 26239825                  /home/sub/.gradle/jdks/eclipse_adoptium-25-amd64-linux.2/lib/libjimage.so
7fc2aff1c000-7fc2aff1d000 rw-p 00023000 103:07 26239825                  /home/sub/.gradle/jdks/eclipse_adoptium-25-amd64-linux.2/lib/libjimage.so
7fc2aff1d000-7fc2aff1e000 r--p 00000000 103:07 14158893                  /usr/lib/librt.so.1
7fc2aff1e000-7fc2aff1f000 r-xp 00001000 103:07 14158893                  /usr/lib/librt.so.1
7fc2aff1f000-7fc2aff20000 r--p 00002000 103:07 14158893                  /usr/lib/librt.so.1
7fc2aff20000-7fc2aff21000 r--p 00002000 103:07 14158893                  /usr/lib/librt.so.1
7fc2aff21000-7fc2aff22000 rw-p 00003000 103:07 14158893                  /usr/lib/librt.so.1
7fc2aff22000-7fc2aff24000 rw-p 00000000 00:00 0 
7fc2aff24000-7fc2aff25000 r--p 00000000 103:07 14158888                  /usr/lib/libpthread.so.0
7fc2aff25000-7fc2aff26000 r-xp 00001000 103:07 14158888                  /usr/lib/libpthread.so.0
7fc2aff26000-7fc2aff27000 r--p 00002000 103:07 14158888                  /usr/lib/libpthread.so.0
7fc2aff27000-7fc2aff28000 r--p 00002000 103:07 14158888                  /usr/lib/libpthread.so.0
7fc2aff28000-7fc2aff29000 rw-p 00003000 103:07 14158888                  /usr/lib/libpthread.so.0
7fc2aff29000-7fc2aff2a000 r--p 00000000 103:07 14158851                  /usr/lib/libdl.so.2
7fc2aff2a000-7fc2aff2b000 r-xp 00001000 103:07 14158851                  /usr/lib/libdl.so.2
7fc2aff2b000-7fc2aff2c000 r--p 00002000 103:07 14158851                  /usr/lib/libdl.so.2
7fc2aff2c000-7fc2aff2d000 r--p 00002000 103:07 14158851                  /usr/lib/libdl.so.2
7fc2aff2d000-7fc2aff2e000 rw-p 00003000 103:07 14158851                  /usr/lib/libdl.so.2
7fc2aff2e000-7fc2aff31000 r--p 00000000 103:07 26239824                  /home/sub/.gradle/jdks/eclipse_adoptium-25-amd64-linux.2/lib/libjli.so
7fc2aff31000-7fc2aff42000 r-xp 00003000 103:07 26239824                  /home/sub/.gradle/jdks/eclipse_adoptium-25-amd64-linux.2/lib/libjli.so
7fc2aff42000-7fc2aff49000 r--p 00014000 103:07 26239824                  /home/sub/.gradle/jdks/eclipse_adoptium-25-amd64-linux.2/lib/libjli.so
7fc2aff49000-7fc2aff4a000 r--p 0001a000 103:07 26239824                  /home/sub/.gradle/jdks/eclipse_adoptium-25-amd64-linux.2/lib/libjli.so
7fc2aff4a000-7fc2aff4b000 rw-p 0001b000 103:07 26239824                  /home/sub/.gradle/jdks/eclipse_adoptium-25-amd64-linux.2/lib/libjli.so
7fc2aff4b000-7fc2aff4d000 rw-p 00000000 00:00 0 
7fc2aff4d000-7fc2aff79000 r--p 00000000 103:07 23331553                  /etc/ld.so.cache
7fc2aff79000-7fc2aff7d000 r--p 00000000 00:00 0                          [vvar]
7fc2aff7d000-7fc2aff7f000 r--p 00000000 00:00 0                          [vvar_vclock]
7fc2aff7f000-7fc2aff81000 r-xp 00000000 00:00 0                          [vdso]
7fc2aff81000-7fc2aff82000 r--p 00000000 103:07 14158823                  /usr/lib/ld-linux-x86-64.so.2
7fc2aff82000-7fc2affaf000 r-xp 00001000 103:07 14158823                  /usr/lib/ld-linux-x86-64.so.2
7fc2affaf000-7fc2affbe000 r--p 0002e000 103:07 14158823                  /usr/lib/ld-linux-x86-64.so.2
7fc2affbe000-7fc2affc0000 r--p 0003d000 103:07 14158823                  /usr/lib/ld-linux-x86-64.so.2
7fc2affc0000-7fc2affc1000 rw-p 0003f000 103:07 14158823                  /usr/lib/ld-linux-x86-64.so.2
7fc2affc1000-7fc2affc2000 rw-p 00000000 00:00 0 
7ffda1b01000-7ffda1b23000 rw-p 00000000 00:00 0                          [stack]
ffffffffff600000-ffffffffff601000 --xp 00000000 00:00 0                  [vsyscall]
Total number of mappings: 865

JVMTI agents: none


VM Arguments:
jvm_args: -Djava.awt.headless=true -Djava.library.path=/usr/java/packages/lib:/usr/lib64:/lib64:/lib:/usr/lib:/home/sub/Subarno/cc6/EdgeMemo/app/src/testDebug/jniLibs:/home/sub/Subarno/cc6/EdgeMemo/app/src/test/jniLibs -Dorg.gradle.internal.worker.tmpdir=/home/sub/Subarno/cc6/EdgeMemo/app/build/tmp/testDebugUnitTest/work --add-opens=java.base/java.io=ALL-UNNAMED -Xmx512m -Dfile.encoding=UTF-8 -Duser.country=US -Duser.language=en -Duser.variant -ea 
java_command: worker.org.gradle.process.internal.worker.GradleWorkerMain 'Gradle Test Executor 8'
java_class_path (initial): /home/sub/.gradle/caches/9.6.0/workerMain/gradle-worker.jar:/home/sub/Subarno/cc6/EdgeMemo/app/build/intermediates/unit_test_config_directory/debugUnitTest/generateDebugUnitTestConfig/out:/home/sub/Subarno/cc6/EdgeMemo/app/build/intermediates/built_in_kotlinc/debugUnitTest/compileDebugUnitTestKotlin/classes:/home/sub/Subarno/cc6/EdgeMemo/app/build/intermediates/java_res/debugUnitTest/processDebugUnitTestJavaRes/out:/home/sub/Subarno/cc6/EdgeMemo/app/build/intermediates/runtime_app_classes_jar/debug/bundleDebugClassesToRuntimeJar/classes.jar:/home/sub/.gradle/caches/modules-2/files-2.1/junit/junit/4.13.2/8ac9e16d933b6fb43bc7f576336b8f4d7eb5ba12/junit-4.13.2.jar:/home/sub/.gradle/caches/modules-2/files-2.1/org.robolectric/robolectric/4.15.1/7ebe3e497d9934cda84613cfddfd945ba2572a24/robolectric-4.15.1.jar:/home/sub/.gradle/caches/9.6.0/transforms/dc9b1112fb0fdf0365585e4409c1dc7f/transformed/core-1.6.1-runtime.jar:/home/sub/.gradle/caches/modules-2/files-2.1/org.jetbrains.kotlinx/kotlinx-coroutines-test-jvm/1.9.0/7227c0691a604e2b32f525b628014dda862d0eed/kotlinx-coroutines-test-jvm-1.9.0.jar:/home/sub/.gradle/caches/9.6.0/transforms/3993416c7a6c3d2c495e9c4c0072daa4/transformed/work-runtime-ktx-2.10.1-runtime.jar:/home/sub/.gradle/caches/9.6.0/transforms/a0d3fe3136f8c4d756b493c7d9f5cd74/transformed/work-testing-2.10.1-runtime.jar:/home/sub/.gradle/caches/9.6.0/transforms/e5ce4f0c3a724b3f41e01235f0b642f9/transformed/work-runtime-2.10.1-runtime.jar:/home/sub/.gradle/caches/modules-2/files-2.1/androidx.room/room-common-jvm/2.7.1/46a9845444d0b849131baeb85bfe4051828261ad/room-common-jvm-2.7.1.jar:/home/sub/.gradle/caches/9.6.0/transforms/1bcf86c6d854432f2eda44b46c2df671/transformed/room-runtime-release-runtime.jar:/home/sub/.gradle/caches/9.6.0/transforms/36fc76318d23b2b7f8ffc6f6da470b5c/transformed/room-ktx-2.7.1-runtime.jar:/home/sub/.gradle/caches/9.6.0/transforms/488eac643aad7ceedf945945b5c0e3d0/transformed/material3-runtime.jar:/home/sub/.gradle/caches/9.6.0/transforms/388a5031430388e230fcfccc41a3c1e4/transformed/material-runtime.jar:/home/sub/.gradle/caches/9.6.0/transforms/0db46da6c5e7e7a104859b63d344a089/transformed/material-ripple-runtime.jar:/home/sub/.gradle/caches/9.6.0/transforms/2d63df58e644271359c2663a96110457/transformed/foundation-runtime.jar:/home/sub/.gradle/caches/9.6.0/transforms/68e0d8b5ed32e89da3c3e623ff45d7ab/transformed/animation-runtime.jar:/home/sub/.gradle/caches/9.6.0/transforms/acd2150efb7360856e70e362e4fc8679/transformed/foundation-layout-runtime.jar:/home/sub/.gradle/caches/9.6.0/transforms/da038dd61467f383d8747eea47780e99/transformed/animation-core-runtime.jar:/home/sub/.gradle/caches/9.6.0/transforms/6fcb3758ddb487af6d1c4e630ad93b65/transformed/ui-tooling-data-runtime.jar:/home/sub/.gradle/caches/9.6.0/transforms/cc63bdbfa6a50b03a75739df8ab32a39/transformed/ui-unit-runtime.jar:/home/sub/.gradle/caches/9.6.0/transforms/f0ee6e0f906c8965981fbaace9a00bb3/transformed/ui-geometry-runtime.jar:/home/sub/.gradle/caches/9.6.0/transforms/9c11d0783a11e63852fee53d49c43daf/transformed/ui-util-runtime.jar:/home/sub/.gradle/caches/9.6.0/transforms/3f4fd1b99502c43a8b718660e9a777e7/transformed/ui-text-runtime.jar:/home/sub/.gradle/caches/9.6.0/transforms/0461b4c08b63fead20330e076d805406/transformed/ui-tooling-preview-runtime.jar:/home/sub/.gradle/caches/9.6.0/transforms/93c0d9e7db49cea9de717d1416dbbc56/transformed/ui-tooling-runtime.jar:/home/sub/.gradle/caches/9.6.0/transforms/994b4aab2fc7b58d64a71b6a8090bf17/transformed/ui-graphics-runtime.jar:/home/sub/.gradle/caches/9.6.0/transforms/f9576a876380aae66b6073ea49983033/transformed/ui-test-manifest-1.10.4-runtime.jar:/home/sub/.gradle/caches/9.6.0/transforms/18e0e54e0969d1a7d6e44600422d80d9/transformed/material-icons-core-release-runtime.jar:/home/sub/.gradle/caches/9.6.0/transforms/924610b183ff16accdfc6bae4913a2f3/transformed/activity-1.8.2-runtime.jar:/home/sub/.gradle/caches/9.6.0/transforms/cfb87ff43f75958eec333cbf2a54aba2/transformed/activity-ktx-1.8.2-runtime.jar:/home/sub/.gradle/caches/9.6.0/transforms/449912211b2ae112da27f051ec2b54c5/transformed/activity-compose-1.8.2-runtime.jar:/home/sub/.gradle/caches/9.6.0/transforms/267cecfebefde09f54a11cc964f2fa32/transformed/runtime-annotation-runtime.jar:/home/sub/.gradle/caches/9.6.0/transforms/63deb1d871b65eb8ba5344d2a390da19/transformed/runtime-retain-runtime.jar:/home/sub/.gradle/caches/9.6.0/transforms/e6a08c56841e615ce49067f431520caf/transformed/emoji2-1.4.0-runtime.jar:/home/sub/.gradle/caches/9.6.0/transforms/1b7fa0d1face314a9a3cea08c1e4e8bb/transformed/autofill-1.0.0-runtime.jar:/home/sub/.gradle/caches/9.6.0/transforms/9a731acff4cb932a69e5a83849cdc51b/transformed/transition-1.6.0-runtime.jar:/home/sub/.gradle/caches/9.6.0/transforms/97de0f7fb84e1e31d6dd56c765c07d43/transformed/window-core-runtime.jar:/home/sub/.gradle/caches/9.6.0/transforms/05c2b3a3c7628f33fc079c40c4d38150/transformed/window-1.5.0-runtime.jar:/home/sub/.gradle/caches/9.6.0/transforms/c94bb76b5ec78b395e43b3edbe399d20/transformed/graphics-path-1.0.1-runtime.jar:/home/sub/.gradle/caches/9.6.0/transforms/003b9febb41a84375d76a6dac88c9ee0/transformed/customview-poolingcontainer-1.0.0-runtime.jar:/home/sub/.gradle/caches/9.6.0/transforms/e758d584d260ed95a888d7b324b17115/transformed/core-ktx-1.16.0-runtime.jar:/home/sub/.gradle/caches/9.6.0/transforms/3a923e7f0e51c4f0170aecb57dfc4f8e/transformed/dynamicanimation-1.0.0-runtime.jar:/home/sub/.gradle/caches/9.6.0/transforms/008730ad94566d66fc7e91d2877e8ef5/transformed/legacy-support-core-utils-1.0.0-runtime.jar:/home/sub/.gradle/caches/9.6.0/transforms/558a84983be3cf48f5e08a8ad356c522/transformed/loader-1.0.0-runtime.jar:/home/sub/.gradle/caches/9.6.0/transforms/a835de973d1b0ead5c17e849bdf478d9/transformed/core-1.16.0-runtime.jar:/home/sub/.gradle/caches/9.6.0/transforms/16c6b2316469a0d2226e680a7f32fccd/transformed/lifecycle-viewmodel-2.9.4-runtime.jar:/home/sub/.gradle/caches/9.6.0/transforms/465ebb384ae356a1ffb5930e77657bf5/transformed/lifecycle-viewmodel-release-runtime.jar:/home/sub/.gradle/caches/modules-2/files-2.1/androidx.lifecycle/lifecycle-common-jvm/2.9.4/ab739bccdb3541983385af169565c7c035d897e7/lifecycle-common-jvm-2.9.4.jar:/home/sub/.gradle/caches/9.6.0/transforms/3d0098722cd8f55e4ad32f836aad6732/transformed/lifecycle-runtime-ktx-runtime.jar:/home/sub/.gradle/caches/9.6.0/transforms/f4979169605f0d576cd8e8c28dc6bdf6/transformed/lifecycle-runtime-release-runtime.jar:/home/sub/.gradle/caches/9.6.0/transforms/3178ef15feb91ea2bf22496358658acf/transformed/lifecycle-process-2.9.4-runtime.jar:/home/sub/.gradle/caches/9.6.0/transforms/09b4866799fa3cecf49ccfe676a06238/transformed/lifecycle-viewmodel-ktx-2.9.4-runtime.jar:/home/sub/.gradle/caches/9.6.0/transforms/67c9c5725356c929741e5ebdde2fca86/transformed/lifecycle-service-2.9.4-runtime.jar:/home/sub/.gradle/caches/9.6.0/transforms/f481601931f0e27f24be6b79d2d3aa04/transformed/lifecycle-livedata-core-ktx-2.9.4-runtime.jar:/home/sub/.gradle/caches/9.6.0/transforms/c04b2fc12e0d032b0800ea08a1956c37/transformed/lifecycle-livedata-core-2.9.4-runtime.jar:/home/sub/.gradle/caches/9.6.0/transforms/2826d9fdb75bfb413c2b373a7ec56395/transformed/lifecycle-livedata-2.9.4-runtime.jar:/home/sub/.gradle/caches/modules-2/files-2.1/androidx.lifecycle/lifecycle-common-java8/2.9.4/86a8e6b9d0ba0c964fdc7223a38b6ce74bcb24dd/lifecycle-common-java8-2.9.4.jar:/home/sub/.gradle/caches/9.6.0/transforms/cf614ae7ab911b8c5407a6e627837009/transformed/lifecycle-viewmodel-savedstate-release-runtime.jar:/home/sub/.gradle/caches/9.6.0/transforms/5fe265182837b9a49e50d3c5187debeb/transformed/savedstate-release-runtime.jar:/home/sub/.gradle/caches/9.6.0/transforms/546744f686fc67a40d1cc2877b8a47fc/transformed/savedstate-ktx-1.3.2-runtime.jar:/home/sub/.gradle/caches/9.6.0/transforms/ec70c0949e33a3c8c952d575c53db269/transformed/savedstate-compose-runtime.jar:/home/sub/.gradle/caches/9.6.0/transforms/4dddaf2d4ae78736db6e9f33eaf5111a/transformed/runtime-runtime.jar:/home/sub/.gradle/caches/9.6.0/transforms/92bdc68ed3a87fc5c575afb657b8a4aa/transformed/runtime-saveable-runtime.jar:/home/sub/.gradle/caches/9.6.0/transforms/d664a3cad934573ef8d65863a1020c6c/transformed/lifecycle-runtime-compose-release-runtime.jar:/home/sub/.gradle/caches/9.6.0/transforms/3798ff550322c87c603ba54ea61d0656/transformed/lifecycle-viewmodel-compose-release-runtime.jar:/home/sub/.gradle/caches/9.6.0/transforms/5c868ee0292ba60a6f46323905db119c/transformed/ui-runtime.jar:/home/sub/.gradle/caches/modules-2/files-2.1/org.jetbrains.kotlinx/kotlinx-coroutines-android/1.9.0/6cf3b8df5a2ce8c6b0dffe55657a827c405ee2fe/kotlinx-coroutines-android-1.9.0.jar:/home/sub/.gradle/caches/modules-2/files-2.1/androidx.concurrent/concurrent-futures-ktx/1.1.0/b4c245baf36d1a9e7defaf3be84f7a2ad4e1c797/concurrent-futures-ktx-1.1.0.jar:/home/sub/.gradle/caches/modules-2/files-2.1/org.jetbrains.kotlinx/kotlinx-coroutines-core-jvm/1.9.0/9beade4c1c1569e4f36cbd2c37e02e3e41502601/kotlinx-coroutines-core-jvm-1.9.0.jar:/home/sub/.gradle/caches/modules-2/files-2.1/org.robolectric/shadows-framework/4.15.1/9892fab474ea03b95edab6f92c358c6500ce6d1e/shadows-framework-4.15.1.jar:/home/sub/.gradle/caches/9.6.0/transforms/50d820e06641e0204780e19400afe383/transformed/monitor-1.7.2-runtime.jar:/home/sub/.gradle/caches/9.6.0/transforms/19c909f1abfdd5cadeb1d8883cc67ee8/transformed/annotation-experimental-1.4.1-runtime.jar:/home/sub/.gradle/caches/9.6.0/transforms/b35be8930b0db077e69e0bdb74f06b0c/transformed/profileinstaller-1.4.0-runtime.jar:/home/sub/.gradle/caches/9.6.0/transforms/98307d932ba66c1621ea8effd118d028/transformed/startup-runtime-1.1.1-runtime.jar:/home/sub/.gradle/caches/9.6.0/transforms/2f0741ea6900b50f7ada7d377589c1e4/transformed/tracing-1.2.0-runtime.jar:/home/sub/.gradle/caches/9.6.0/transforms/34a88f990da93889325c8c94b5bd8f2f/transformed/tracing-ktx-1.2.0-runtime.jar:/home/sub/.gradle/caches/modules-2/files-2.1/androidx.concurrent/concurrent-futures/1.1.0/50b7fb98350d5f42a4e49704b03278542293ba48/concurrent-futures-1.1.0.jar:/home/sub/.gradle/caches/9.6.0/transforms/7e4c51ea2c9001b683b9e6e5ea78e5fc/transformed/core-runtime-2.2.0-runtime.jar:/home/sub/.gradle/caches/modules-2/files-2.1/androidx.arch.core/core-common/2.2.0/5e1b8b81dfd5f52c56a8d53b18ca759c19a301f3/core-common-2.2.0.jar:/home/sub/.gradle/caches/9.6.0/transforms/4668bc2c2beebe5c6ed58505dff1ec8e/transformed/sqlite-framework-release-runtime.jar:/home/sub/.gradle/caches/9.6.0/transforms/df8f8a56ef372f406a6f9cac765c0ef1/transformed/sqlite-release-runtime.jar:/home/sub/.gradle/caches/9.6.0/transforms/8d98b311c42f2cd3024abfb3e2f3f808/transformed/versionedparcelable-1.1.1-runtime.jar:/home/sub/.gradle/caches/modules-2/files-2.1/androidx.collection/collection-ktx/1.5.0/27c78a926a16a1bf792b2285cf2834e8caae4a07/collection-ktx-1.5.0.jar:/home/sub/.gradle/caches/modules-2/files-2.1/androidx.collection/collection-jvm/1.5.0/7ba2c69414d46ebc2dd76598bdd0a75c54281a57/collection-jvm-1.5.0.jar:/home/sub/.gradle/caches/9.6.0/transforms/5b8067d3c33abbdd6f9efe53f50ab4b6/transformed/interpolator-1.0.0-runtime.jar:/home/sub/.gradle/caches/9.6.0/transforms/3f6bb368f5ea560eabd01c5ed0439bec/transformed/documentfile-1.0.0-runtime.jar:/home/sub/.gradle/caches/9.6.0/transforms/5f5fc20159071032098fc4b4d8e3dc3c/transformed/localbroadcastmanager-1.0.0-runtime.jar:/home/sub/.gradle/caches/9.6.0/transforms/03f4d1b8f3b21120e54ba4352b1b7b84/transformed/print-1.0.0-runtime.jar:/home/sub/.gradle/caches/modules-2/files-2.1/androidx.annotation/annotation-jvm/1.9.1/b17951747e38bf3986a24431b9ba0d039958aa5f/annotation-jvm-1.9.1.jar:/home/sub/.gradle/caches/9.6.0/transforms/cc52330660555af1d1649a0ce016c699/transformed/core-viewtree-1.0.0-runtime.jar:/home/sub/.gradle/caches/modules-2/files-2.1/org.jetbrains.kotlinx/kotlinx-serialization-core-jvm/1.7.3/1f226780b845ff9206474c05159245d861556249/kotlinx-serialization-core-jvm-1.7.3.jar:/home/sub/.gradle/caches/modules-2/files-2.1/org.jetbrains.kotlin/kotlin-stdlib/2.2.10/30de6faa127a4a012db8e71bf1b9c0a99b1402b2/kotlin-stdlib-2.2.10.jar:/home/sub/.gradle/caches/9.6.0/transforms/f962b972ed6e56ddfbc716b877fe5aee/transformed/pdfbox-android-2.0.27.0-runtime.jar:/home/sub/.gradle/caches/modules-2/files-2.1/org.commonmark/commonmark/0.21.0/c98f0473b17c87fe4fa2fc62a7c6523a2fe018f0/commonmark-0.21.0.jar:/home/sub/.gradle/caches/modules-2/files-2.1/org.hamcrest/hamcrest-core/1.3/42a25dc3219429f0e5d060061f71acb49bf010a0/hamcrest-core-1.3.jar:/home/sub/.gradle/caches/modules-2/files-2.1/org.conscrypt/conscrypt-openjdk-uber/2.5.2/d858f142ea189c62771c505a6548d8606ac098fe/conscrypt-openjdk-uber-2.5.2.jar:/home/sub/.gradle/caches/modules-2/files-2.1/org.yaml/snakeyaml/2.4/e0666b825b796f85521f02360e77f4c92c5a7a07/snakeyaml-2.4.jar:/home/sub/.gradle/caches/9.6.0/transforms/4dfd1a7f10cc20d730f6860e92a00992/transformed/espresso-idling-resource-3.6.1-runtime.jar:/home/sub/.gradle/caches/modules-2/files-2.1/com.google.testparameterinjector/test-parameter-injector/1.18/5da02ca88c55bab58071a33e3f5fb6cfcf5df270/test-parameter-injector-1.18.jar:/home/sub/.gradle/caches/modules-2/files-2.1/org.robolectric/junit/4.15.1/2f3b8efa38362690e3faa16f45c5332356433142/junit-4.15.1.jar:/home/sub/.gradle/caches/modules-2/files-2.1/org.robolectric/resources/4.15.1/28ebb91428dc5ba7d76df977b2df5e9527050ec9/resources-4.15.1.jar:/home/sub/.gradle/caches/modules-2/files-2.1/org.robolectric/sandbox/4.15.1/9bd24b21e16e61e2f319aed06a9c8f110c98a81b/sandbox-4.15.1.jar:/home/sub/.gradle/caches/modules-2/files-2.1/org.robolectric/utils-reflector/4.15.1/dfa53cbc44f5ad05078d14003bead19d55f5d6b2/utils-reflector-4.15.1.jar:/home/sub/.gradle/caches/modules-2/files-2.1/org.robolectric/plugins-maven-dependency-resolver/4.15.1/75349d145f81404a2cf57a52b60d7d650ca5c6d8/plugins-maven-dependency-resolver-4.15.1.jar:/home/sub/.gradle/caches/modules-2/files-2.1/org.robolectric/nativeruntime/4.15.1/726b1324aa6d519146889abe2d227c0508c3ca95/nativeruntime-4.15.1.jar:/home/sub/.gradle/caches/modules-2/files-2.1/org.robolectric/shadowapi/4.15.1/378663fde270abc0150cba224d18f9d00a3af2da/shadowapi-4.15.1.jar:/home/sub/.gradle/caches/modules-2/files-2.1/org.robolectric/utils/4.15.1/942890eb63488019cc2e142507ebf4e9dd973440/utils-4.15.1.jar:/home/sub/.gradle/caches/modules-2/files-2.1/org.robolectric/pluginapi/4.15.1/7ced907b456aeceb7c31a5c2ce69ba005d3f6042/pluginapi-4.15.1.jar:/home/sub/.gradle/caches/modules-2/files-2.1/org.robolectric/annotations/4.15.1/8da3e5136bc09c98b67059dcf9ab837a614672ca/annotations-4.15.1.jar:/home/sub/.gradle/caches/modules-2/files-2.1/javax.inject/javax.inject/1/6975da39a7040257bd51d21a231b76c915872d38/javax.inject-1.jar:/home/sub/.gradle/caches/modules-2/files-2.1/javax.annotation/javax.annotation-api/1.3.2/934c04d3cfef185a8008e7bf34331b79730a9d43/javax.annotation-api-1.3.2.jar:/home/sub/.gradle/caches/modules-2/files-2.1/org.bouncycastle/bcprov-jdk18on/1.80/e22100b41042decf09cab914a5af8d2c57b5ac4a/bcprov-jdk18on-1.80.jar:/home/sub/.gradle/caches/modules-2/files-2.1/com.google.errorprone/error_prone_annotation/2.38.0/afc352500eb8c43e83ac5b1a6cf5bd46ed12c0fe/error_prone_annotation-2.38.0.jar:/home/sub/.gradle/caches/modules-2/files-2.1/com.google.guava/guava/33.4.8-jre/cb7510a733595f02fe633ffff62d40cfc3056e9/guava-33.4.8-android.jar:/home/sub/.gradle/caches/modules-2/files-2.1/com.google.guava/listenablefuture/9999.0-empty-to-avoid-conflict-with-guava/b421526c5f297295adef1c886e5246c39d4ac629/listenablefuture-9999.0-empty-to-avoid-conflict-with-guava.jar:/home/sub/.gradle/caches/modules-2/files-2.1/org.jetbrains/annotations/23.0.0/8cc20c07506ec18e0834947b84a864bfc094484e/annotations-23.0.0.jar:/home/sub/.gradle/caches/modules-2/files-2.1/org.bouncycastle/bcpkix-jdk15to18/1.72/32faf4d74dbc333fb3a7a6c80c30417cf888fc7a/bcpkix-jdk15to18-1.72.jar:/home/sub/.gradle/caches/modules-2/files-2.1/org.bouncycastle/bcutil-jdk15to18/1.72/74d1589a616f7655a1922d0a773e958e87cd2ea0/bcutil-jdk15to18-1.72.jar:/home/sub/.gradle/caches/modules-2/files-2.1/org.bouncycastle/bcprov-jdk15to18/1.72/1c53885369e89f9798974bf63b55a764c54b5c61/bcprov-jdk15to18-1.72.jar:/home/sub/.gradle/caches/modules-2/files-2.1/com.google.auto.value/auto-value-annotations/1.11.0/f0d047931d07cfbc6fa4079854f181ff62891d6f/auto-value-annotations-1.11.0.jar:/home/sub/.gradle/caches/modules-2/files-2.1/org.ow2.asm/asm-commons/9.8/36e4d212970388e5bd2c5180292012502df461bb/asm-commons-9.8.jar:/home/sub/.gradle/caches/modules-2/files-2.1/org.ow2.asm/asm-tree/9.8/18419ca5b77a2f81097c741e7872e6ab8d2f40d/asm-tree-9.8.jar:/home/sub/.gradle/caches/modules-2/files-2.1/org.ow2.asm/asm/9.8/dc19ecb3f7889b7860697215cae99c0f9b6f6b4b/asm-9.8.jar:/home/sub/.gradle/caches/modules-2/files-2.1/com.almworks.sqlite4java/sqlite4java/1.0.392/d6234e08ff4e1607ff5321da2579571f05ff778d/sqlite4java-1.0.392.jar:/home/sub/.gradle/caches/modules-2/files-2.1/com.ibm.icu/icu4j/77.1/38693cf0b1d7362a8b726af74dc06026a7c23809/icu4j-77.1.jar:/home/sub/.gradle/caches/modules-2/files-2.1/org.jspecify/jspecify/1.0.0/7425a601c1c7ec76645a78d22b8c6a627edee507/jspecify-1.0.0.jar:/home/sub/.gradle/caches/modules-2/files-2.1/com.google.guava/failureaccess/1.0.3/aeaffd00d57023a2c947393ed251f0354f0985fc/failureaccess-1.0.3.jar:/home/sub/.gradle/caches/modules-2/files-2.1/com.google.errorprone/error_prone_annotations/2.36.0/227d4d4957ccc3dc5761bd897e3a0ee587e750a7/error_prone_annotations-2.36.0.jar:/home/sub/.gradle/caches/modules-2/files-2.1/com.google.j2objc/j2objc-annotations/3.0.0/7399e65dd7e9ff3404f4535b2f017093bdb134c7/j2objc-annotations-3.0.0.jar:/home/sub/.gradle/caches/modules-2/files-2.1/org.robolectric/nativeruntime-dist-compat/1.0.17/5ff6a2000db468c5ef09ba40783ea3d92759d8f0/nativeruntime-dist-compat-1.0.17.jar:/home/sub/Subarno/cc6/EdgeMemo/app/build/intermediates/java_res/debug/processDebugJavaRes/out:/home/sub/.gradle/caches/9.6.0/transforms/ab47192b9b515b2d7a7180179c0c3f92/transformed/core-1.6.1/jars/classes.jar:/home/sub/.gradle/caches/9.6.0/transforms/45bd91fdcbc3cbccb90a699ab988b666/transformed/work-runtime-ktx-2.10.1/jars/classes.jar:/home/sub/.gradle/caches/9.6.0/transforms/0c5f09f437bee9e8838ff5c5dd445589/transformed/work-testing-2.10.1/jars/classes.jar:/home/sub/.gradle/caches/9.6.0/transforms/a7019150b2fa3eede1836e612cd21dd8/transformed/work-runtime-2.10.1/jars/classes.jar:/home/sub/.gradle/caches/9.6.0/transforms/3bc3c00bd2273e391eec9cb03c894ad9/transformed/room-runtime-release/jars/classes.jar:/home/sub/.gradle/caches/9.6.0/transforms/e1e4e41cd04b23a4993d1e634ff8cd99/transformed/room-ktx-2.7.1/jars/classes.jar:/home/sub/.gradle/caches/9.6.0/transforms/d0ee0fe0af484af4532be25186922fbd/transformed/material3/jars/classes.jar:/home/sub/.gradle/caches/9.6.0/transforms/cf8d5c944b67a8366384acbf7000fc8d/transformed/material/jars/classes.jar:/home/sub/.gradle/caches/9.6.0/transforms/f7201ccf997bee244e0497ed736f08e5/transformed/material-ripple/jars/classes.jar:/home/sub/.gradle/caches/9.6.0/transforms/6e4fc6652c1aaf635259c4c6243cbb7c/transformed/foundation/jars/classes.jar:/home/sub/.gradle/caches/9.6.0/transforms/700a5f3d70ad5481a5fdf6ece2b7fa03/transformed/animation/jars/classes.jar:/home/sub/.gradle/caches/9.6.0/transforms/b76c8e9263dcea3ed2bcb67407fbeb60/transformed/foundation-layout/jars/classes.jar:/home/sub/.gradle/caches/9.6.0/transforms/365ca2923f8a87f7f1051c72002895fe/transformed/animation-core/jars/classes.jar:/home/sub/.gradle/caches/9.6.0/transforms/dca6c725b8ee22cf5f004afd022d683a/transformed/ui-tooling-data/jars/classes.jar:/home/sub/.gradle/caches/9.6.0/transforms/27a5c0d3bc175d4a8c62660bb75617e5/transformed/ui-unit/jars/classes.jar:/home/sub/.gradle/caches/9.6.0/transforms/03291a1e21822ff53ea21b5a774d65e0/transformed/ui-geometry/jars/classes.jar:/home/sub/.gradle/caches/9.6.0/transforms/732f9d4d753c8c178315e33a52e82f36/transformed/ui-util/jars/classes.jar:/home/sub/.gradle/caches/9.6.0/transforms/b799b5feb802b206fd05f87bafd215b4/transformed/ui-text/jars/classes.jar:/home/sub/.gradle/caches/9.6.0/transforms/ce3b2e55e3f6317f9f813c480748d7ff/transformed/ui-tooling-preview/jars/classes.jar:/home/sub/.gradle/caches/9.6.0/transforms/8a33ddb2461dba599cf1dbd1fa29959d/transformed/ui-tooling/jars/classes.jar:/home/sub/.gradle/caches/9.6.0/transforms/5dbb0c9d01cac3f061ff5ab7d51002fe/transformed/ui-graphics/jars/classes.jar:/home/sub/.gradle/caches/9.6.0/transforms/007efd51838d52b1f2f24921a53af78d/transformed/ui-test-manifest-1.10.4/jars/classes.jar:/home/sub/.gradle/caches/9.6.0/transforms/158f3408be37d591a29020e76f631dec/transformed/material-icons-core-release/jars/classes.jar:/home/sub/.gradle/caches/9.6.0/transforms/2b2ee194bb2a60ee4d11a033603518d7/transformed/activity-1.8.2/jars/classes.jar:/home/sub/.gradle/caches/9.6.0/transforms/3a0bb15ea85050c86a0458cdc3daf9f1/transformed/activity-ktx-1.8.2/jars/classes.jar:/home/sub/.gradle/caches/9.6.0/transforms/464de19cf0352c308bad7a5f96d6b0d8/transformed/activity-compose-1.8.2/jars/classes.jar:/home/sub/.gradle/caches/9.6.0/transforms/57aae8fc65f105f3a6b4b7c967a8b87f/transformed/runtime-annotation/jars/classes.jar:/home/sub/.gradle/caches/9.6.0/transforms/350ea757b0435e38100be82ccc55b34b/transformed/runtime-retain/jars/classes.jar:/home/sub/.gradle/caches/9.6.0/transforms/a6e9ead31555bed66fba245894f2d75c/transformed/emoji2-1.4.0/jars/classes.jar:/home/sub/.gradle/caches/9.6.0/transforms/a6e9ead31555bed66fba245894f2d75c/transformed/emoji2-1.4.0/jars/libs/repackaged.jar:/home/sub/.gradle/caches/9.6.0/transforms/c272e51ffc4dcec17bfb67815a955522/transformed/autofill-1.0.0/jars/classes.jar:/home/sub/.gradle/caches/9.6.0/transforms/1cd29ca7934b2f16d6cc99b5e41716d7/transformed/transition-1.6.0/jars/classes.jar:/home/sub/.gradle/caches/9.6.0/transforms/0a065743079c253f05a3ba7eeefbc3be/transformed/window-core/jars/classes.jar:/home/sub/.gradle/caches/9.6.0/transforms/9848fa9b2c6bb3792af8d4dbc073f357/transformed/window-1.5.0/jars/classes.jar:/home/sub/.gradle/caches/9.6.0/transforms/050abdb049abfd040e1fe7e004db2e28/transformed/graphics-path-1.0.1/jars/classes.jar:/home/sub/.gradle/caches/9.6.0/transforms/18f6282bff6a861e99857da37d4d8660/transformed/customview-poolingcontainer-1.0.0/jars/classes.jar:/home/sub/.gradle/caches/9.6.0/transforms/af56072cdff38a37dfac9d237a921b81/transformed/core-ktx-1.16.0/jars/classes.jar:/home/sub/.gradle/caches/9.6.0/transforms/d2e6b95433f2be2fc91b47140c9b7aec/transformed/dynamicanimation-1.0.0/jars/classes.jar:/home/sub/.gradle/caches/9.6.0/transforms/d7fa6990ec47de89a717b9def84a15ba/transformed/legacy-support-core-utils-1.0.0/jars/classes.jar:/home/sub/.gradle/caches/9.6.0/transforms/eed7f7eda04b53f63529489b0c6cd302/transformed/loader-1.0.0/jars/classes.jar:/home/sub/.gradle/caches/9.6.0/transforms/427bb9bf2e0ea1714e01e7f7f3168b2e/transformed/core-1.16.0/jars/classes.jar:/home/sub/.gradle/caches/9.6.0/transforms/ba00704ed4d2cc522b01185730c753d0/transformed/lifecycle-viewmodel-2.9.4/jars/classes.jar:/home/sub/.gradle/caches/9.6.0/transforms/50a4e05d6c86d957b02219bab69ecf10/transformed/lifecycle-viewmodel-release/jars/classes.jar:/home/sub/.gradle/caches/9.6.0/transforms/f78539c0ec1214201bdf5d67389692eb/transformed/lifecycle-runtime-ktx/jars/classes.jar:/home/sub/.gradle/caches/9.6.0/transforms/f9aee6c35915f0d6b5b0a0773c8f2a30/transformed/lifecycle-runtime-release/jars/classes.jar:/home/sub/.gradle/caches/9.6.0/transforms/04fc51391485dd2627243d14d4a8e3cd/transformed/lifecycle-process-2.9.4/jars/classes.jar:/home/sub/.gradle/caches/9.6.0/transforms/28e222e758e0a5f21b60540eed755be4/transformed/lifecycle-viewmodel-ktx-2.9.4/jars/classes.jar:/home/sub/.gradle/caches/9.6.0/transforms/52002a9933cfaa95e3136c10829124f4/transformed/lifecycle-service-2.9.4/jars/classes.jar:/home/sub/.gradle/caches/9.6.0/transforms/93010087b7b0b5e9d355aa148c67624a/transformed/lifecycle-livedata-core-ktx-2.9.4/jars/classes.jar:/home/sub/.gradle/caches/9.6.0/transforms/5cef3142861f21462fcd8a1aaf84134e/transformed/lifecycle-livedata-core-2.9.4/jars/classes.jar:/home/sub/.gradle/caches/9.6.0/transforms/a87a4e231a73b2d51b88466e4f4f8aa5/transformed/lifecycle-livedata-2.9.4/jars/classes.jar:/home/sub/.gradle/caches/9.6.0/transforms/548a0a4f8108d498e6ba95baaf0942ef/transformed/lifecycle-viewmodel-savedstate-release/jars/classes.jar:/home/sub/.gradle/caches/9.6.0/transforms/506e700257628b382cfcb41c94a90ada/transformed/savedstate-release/jars/classes.jar:/home/sub/.gradle/caches/9.6.0/transforms/d35ccb85b61da11320b2da66b0f49f50/transformed/savedstate-ktx-1.3.2/jars/classes.jar:/home/sub/.gradle/caches/9.6.0/transforms/52e7edd8ec72a536d42060f6a139fd68/transformed/savedstate-compose/jars/classes.jar:/home/sub/.gradle/caches/9.6.0/transforms/6c055333992422a188de63fc4344162f/transformed/runtime/jars/classes.jar:/home/sub/.gradle/caches/9.6.0/transforms/d200eff3c4400da4d95b86cd2aab0884/transformed/runtime-saveable/jars/classes.jar:/home/sub/.gradle/caches/9.6.0/transforms/83b0a08de87e3bf6bf1379bf2deea5a2/transformed/lifecycle-runtime-compose-release/jars/classes.jar:/home/sub/.gradle/caches/9.6.0/transforms/46404b1a7c8973e05260e74a8c8a56e0/transformed/lifecycle-viewmodel-compose-release/jars/classes.jar:/home/sub/.gradle/caches/9.6.0/transforms/8a17380e34ab3063d9136f0f7466a571/transformed/ui/jars/classes.jar:/home/sub/.gradle/caches/9.6.0/transforms/30c2bc09c5a1e4fb5bb8377b09b69334/transformed/monitor-1.7.2/jars/classes.jar:/home/sub/.gradle/caches/9.6.0/transforms/16ffbdbfe197fd653586b2a521abacbe/transformed/annotation-experimental-1.4.1/jars/classes.jar:/home/sub/.gradle/caches/9.6.0/transforms/26d9b175595f07407c6f085c394a1ddf/transformed/profileinstaller-1.4.0/jars/classes.jar:/home/sub/.gradle/caches/9.6.0/transforms/cd391248d1f6fb9ebd7c235a56a999a4/transformed/startup-runtime-1.1.1/jars/classes.jar:/home/sub/.gradle/caches/9.6.0/transforms/80b2dda3a56ca7784999a5adc375dcbd/transformed/tracing-1.2.0/jars/classes.jar:/home/sub/.gradle/caches/9.6.0/transforms/85253997c2e4cfbfd6f49778948e11b8/transformed/tracing-ktx-1.2.0/jars/classes.jar:/home/sub/.gradle/caches/9.6.0/transforms/9d0bb5eb909bb9cbce13a6b9fad04e88/transformed/core-runtime-2.2.0/jars/classes.jar:/home/sub/.gradle/caches/9.6.0/transforms/29a04084f4b879c23c973a8e825868a8/transformed/sqlite-framework-release/jars/classes.jar:/home/sub/.gradle/caches/9.6.0/transforms/cecc6e3818cce030a498db84226a27a2/transformed/sqlite-release/jars/classes.jar:/home/sub/.gradle/caches/9.6.0/transforms/a9601664d1d66bea03f673635f7266b6/transformed/versionedparcelable-1.1.1/jars/classes.jar:/home/sub/.gradle/caches/9.6.0/transforms/a79507d7334bf33b1c14c6fff1dc5da0/transformed/interpolator-1.0.0/jars/classes.jar:/home/sub/.gradle/caches/9.6.0/transforms/a736c1cac034f93b38237c81f5f4404c/transformed/documentfile-1.0.0/jars/classes.jar:/home/sub/.gradle/caches/9.6.0/transforms/cf4687b5af2e727ced7f3351bb30000d/transformed/localbroadcastmanager-1.0.0/jars/classes.jar:/home/sub/.gradle/caches/9.6.0/transforms/6887a238191d090e4dcfc18b890710fa/transformed/print-1.0.0/jars/classes.jar:/home/sub/.gradle/caches/9.6.0/transforms/30e35dac0352e6b75b4d74702db2792a/transformed/core-viewtree-1.0.0/jars/classes.jar:/home/sub/.gradle/caches/9.6.0/transforms/6ff3d130862966a4152110606bb46950/transformed/pdfbox-android-2.0.27.0/jars/classes.jar:/home/sub/.gradle/caches/9.6.0/transforms/c3f4d59d3bdae68ffcc7ce33aaaf3829/transformed/espresso-idling-resource-3.6.1/jars/classes.jar:/home/sub/Subarno/cc6/EdgeMemo/app/build/intermediates/compile_and_runtime_r_class_jar/debug/processDebugResources/R.jar:/home/sub/.gradle/caches/9.6.0/transforms/04193c1cb060074bd679a412f709a1b7/transformed/android.jar
Launcher Type: SUN_STANDARD

[Global flags]
     intx CICompilerCount                          = 12                                        {product} {ergonomic}
     uint ConcGCThreads                            = 5                                         {product} {ergonomic}
     uint G1ConcRefinementThreads                  = 18                                        {product} {ergonomic}
   size_t G1HeapRegionSize                         = 1048576                                   {product} {ergonomic}
   size_t InitialHeapSize                          = 257949696                                 {product} {ergonomic}
   size_t MarkStackSize                            = 4194304                                   {product} {ergonomic}
   size_t MarkStackSizeMax                         = 536870912                                 {product} {ergonomic}
   size_t MaxHeapSize                              = 536870912                                 {product} {command line}
   size_t MaxNewSize                               = 321912832                                 {product} {ergonomic}
   size_t MinHeapDeltaBytes                        = 1048576                                   {product} {ergonomic}
   size_t MinHeapSize                              = 8388608                                   {product} {ergonomic}
    uintx NonNMethodCodeHeapSize                   = 7606272                                {pd product} {ergonomic}
    uintx NonProfiledCodeHeapSize                  = 122028032                              {pd product} {ergonomic}
    uintx ProfiledCodeHeapSize                     = 122028032                              {pd product} {ergonomic}
    uintx ReservedCodeCacheSize                    = 251662336                              {pd product} {ergonomic}
     bool SegmentedCodeCache                       = true                                      {product} {ergonomic}
   size_t SoftMaxHeapSize                          = 536870912                              {manageable} {ergonomic}
     bool UseCompressedOops                        = true                           {product lp64_product} {ergonomic}
     bool UseG1GC                                  = true                                      {product} {ergonomic}

Logging:
Log output configuration:
 #0: stdout all=warning uptime,level,tags foldmultilines=false
 #1: stderr all=off uptime,level,tags foldmultilines=false

Release file:
IMPLEMENTOR="Eclipse Adoptium"
IMPLEMENTOR_VERSION="Temurin-25.0.3+9"
JAVA_RUNTIME_VERSION="25.0.3+9-LTS"
JAVA_VERSION="25.0.3"
JAVA_VERSION_DATE="2026-04-21"
LIBC="gnu"
MODULES="java.base java.compiler java.datatransfer java.xml java.prefs java.desktop java.instrument java.logging java.management java.security.sasl java.naming java.rmi java.management.rmi java.net.http java.scripting java.security.jgss java.transaction.xa java.sql java.sql.rowset java.xml.crypto java.se java.smartcardio jdk.accessibility jdk.internal.jvmstat jdk.attach jdk.charsets jdk.internal.opt jdk.zipfs jdk.compiler jdk.crypto.cryptoki jdk.crypto.ec jdk.dynalink jdk.internal.ed jdk.editpad jdk.internal.vm.ci jdk.graal.compiler jdk.graal.compiler.management jdk.hotspot.agent jdk.httpserver jdk.incubator.vector jdk.internal.le jdk.internal.md jdk.jartool jdk.javadoc jdk.jcmd jdk.management jdk.management.agent jdk.jconsole jdk.jdeps jdk.jdwp.agent jdk.jdi jdk.jfr jdk.jlink jdk.jpackage jdk.jshell jdk.jsobject jdk.jstatd jdk.localedata jdk.management.jfr jdk.naming.dns jdk.naming.rmi jdk.net jdk.nio.mapmode jdk.sctp jdk.security.auth jdk.security.jgss jdk.unsupported jdk.unsupported.desktop jdk.xml.dom"
OS_ARCH="x86_64"
OS_NAME="Linux"
SOURCE=".:git:cda0a1776184"
BUILD_SOURCE="git:a612825ee82a20ac872d60958c349854c1f29a8e"
BUILD_SOURCE_REPO="https://github.com/adoptium/temurin-build.git"
SOURCE_REPO="https://github.com/adoptium/jdk25u.git"
FULL_VERSION="25.0.3+9-LTS"
SEMANTIC_VERSION="25.0.3+9"
BUILD_INFO="OS: Linux Version: 6.8.0-1051-azure"
JVM_VARIANT="Hotspot"
JVM_VERSION="25.0.3+9-LTS"
IMAGE_TYPE="JDK"

Environment Variables:
JAVA_HOME=/usr/lib/jvm/java-17-openjdk
PATH=/home/sub/.kilo/bin:/home/sub/.npm-global/bin:/opt/jdk-25.0.1/bin:/usr/local/sbin:/usr/local/bin:/usr/sbin:/usr/bin:/sbin:/bin:/opt/android-sdk/platform-tools:/opt/android-sdk/tools:/opt/android-sdk/tools/bin:/usr/lib/jvm/default/bin:/usr/bin/site_perl:/usr/bin/vendor_perl:/usr/bin/core_perl:/home/sub/.local/bin
SHELL=/usr/sbin/zsh
DISPLAY=:0
WAYLAND_DISPLAY=wayland-1
LANG=en_US.UTF-8
TERM=xterm-kitty

Active Locale:
LC_ALL=en_US.UTF-8
LC_COLLATE=en_US.UTF-8
LC_CTYPE=en_US.UTF-8
LC_MESSAGES=en_US.UTF-8
LC_MONETARY=en_US.UTF-8
LC_NUMERIC=en_US.UTF-8
LC_TIME=en_US.UTF-8

Signal Handlers:
   SIGSEGV: crash_handler in libjvm.so, mask=11100100010111111101111111111110, flags=SA_RESTART|SA_SIGINFO, unblocked
    SIGBUS: crash_handler in libjvm.so, mask=11100100010111111101111111111110, flags=SA_RESTART|SA_SIGINFO, unblocked
    SIGFPE: crash_handler in libjvm.so, mask=11100100010111111101111111111110, flags=SA_RESTART|SA_SIGINFO, unblocked
   SIGPIPE: javaSignalHandler in libjvm.so, mask=11100100010111111101111111111110, flags=SA_RESTART|SA_SIGINFO, blocked
   SIGXFSZ: javaSignalHandler in libjvm.so, mask=11100100010111111101111111111110, flags=SA_RESTART|SA_SIGINFO, blocked
    SIGILL: crash_handler in libjvm.so, mask=11100100010111111101111111111110, flags=SA_RESTART|SA_SIGINFO, unblocked
   SIGUSR2: SR_handler in libjvm.so, mask=00000000000000000000000000000000, flags=SA_RESTART|SA_SIGINFO, blocked
    SIGHUP: UserHandler in libjvm.so, mask=11100100010111111101111111111110, flags=SA_RESTART|SA_SIGINFO, blocked
    SIGINT: UserHandler in libjvm.so, mask=11100100010111111101111111111110, flags=SA_RESTART|SA_SIGINFO, blocked
   SIGTERM: UserHandler in libjvm.so, mask=11100100010111111101111111111110, flags=SA_RESTART|SA_SIGINFO, blocked
   SIGQUIT: UserHandler in libjvm.so, mask=11100100010111111101111111111110, flags=SA_RESTART|SA_SIGINFO, blocked
   SIGTRAP: crash_handler in libjvm.so, mask=11100100010111111101111111111110, flags=SA_RESTART|SA_SIGINFO, unblocked


Compilation memory statistics disabled.

Periodic native trim disabled

---------------  S Y S T E M  ---------------

OS:
DISTRIB_ID="Arch"
DISTRIB_RELEASE="rolling"
DISTRIB_DESCRIPTION="Arch Linux"
uname: Linux 7.2.6-arch2-1 #1 SMP PREEMPT_DYNAMIC Mon, 14 Sep 2026 22:41:30 +0000 x86_64
OS uptime: 0 days 0:41 hours
libc: glibc 2.44 NPTL 2.44 
rlimit (soft/hard): STACK 8192k/infinity , CORE infinity/infinity , NPROC 62192/62192 , NOFILE 524288/524288 , AS infinity/infinity , CPU infinity/infinity , DATA infinity/infinity , FSIZE infinity/infinity , MEMLOCK 8192k/8192k
load average: 4.27 3.05 2.10

/proc/meminfo:
MemTotal:       16060528 kB
MemFree:          276776 kB
MemAvailable:     847052 kB
Buffers:           16776 kB
Cached:          7921540 kB
SwapCached:            0 kB
Active:          4374104 kB
Inactive:        9836640 kB
Active(anon):    4205344 kB
Inactive(anon):  9313888 kB
Active(file):     168760 kB
Inactive(file):   522752 kB
Unevictable:      697624 kB
Mlocked:             152 kB
SwapTotal:             0 kB
SwapFree:              0 kB
Zswap:                 0 kB
Zswapped:              0 kB
Dirty:              1012 kB
Writeback:             0 kB
AnonPages:       6946964 kB
Mapped:           887172 kB
Shmem:           7246956 kB
KReclaimable:     220568 kB
Slab:             313772 kB
SReclaimable:     132620 kB
SUnreclaim:       181152 kB
KernelStack:       25440 kB
PageTables:        53276 kB
SecPageTables:      2056 kB
NFS_Unstable:          0 kB
Bounce:                0 kB
WritebackTmp:          0 kB
CommitLimit:     8030264 kB
Committed_AS:   25815276 kB
VmallocTotal:   34359738367 kB
VmallocUsed:      113316 kB
VmallocChunk:          0 kB
Percpu:            15072 kB
HardwareCorrupted:     0 kB
AnonHugePages:    569344 kB
ShmemHugePages:   497664 kB
ShmemPmdMapped:        0 kB
FileHugePages:     92160 kB
FilePmdMapped:     92160 kB
CmaTotal:              0 kB
CmaFree:               0 kB
Unaccepted:            0 kB
Balloon:               0 kB
GPUActive:             0 kB
GPUReclaim:            0 kB
HugePages_Total:       0
HugePages_Free:        0
HugePages_Rsvd:        0
HugePages_Surp:        0
Hugepagesize:       2048 kB
Hugetlb:               0 kB
DirectMap4k:      268480 kB
DirectMap2M:     5720064 kB
DirectMap1G:    10485760 kB

/sys/kernel/mm/transparent_hugepage/enabled: [always] madvise never
/sys/kernel/mm/transparent_hugepage/hpage_pmd_size: 2097152
/sys/kernel/mm/transparent_hugepage/shmem_enabled: always within_size [advise] never deny force
/sys/kernel/mm/transparent_hugepage/defrag (defrag/compaction efforts parameter): always defer defer+madvise [madvise] never

Process Memory:
Virtual Size: 5037172K (peak: 5037172K)
Resident Set Size: 853052K (peak: 853052K) (anon: 508932K, file: 43108K, shmem: 301012K)
Swapped out: 0K
C-Heap outstanding allocations: 133564K, retained: 149963K
glibc malloc tunables: (default)

/proc/sys/kernel/threads-max (system-wide limit on the number of threads): 124385
/proc/sys/vm/max_map_count (maximum number of memory map areas a process may have): 1048576
/proc/sys/vm/swappiness (control to define how aggressively the kernel swaps out anonymous memory): 60
/proc/sys/kernel/pid_max (system-wide limit on number of process identifiers): 4194304

container information not found.
Steal ticks since vm start: 0
Steal ticks percentage since vm start:  0.000

CPU: total 24 (initial active 24) (24 cores per cpu, 1 threads per core) family 6 model 183 stepping 1 microcode 0x137, cx8, cmov, fxsr, mmx, 3dnowpref, sse, sse2, sse3, ssse3, sse4.1, sse4.2, popcnt, lzcnt, tsc, tscinvbit, avx, avx2, aes, erms, clmul, bmi1, bmi2, adx, sha, fma, vzeroupper, clflush, clflushopt, clwb, serialize, rdtscp, rdpid, fsrm, gfni, f16c, pku, ospke, cet_ibt, cet_ss
CPU Model and flags from /proc/cpuinfo:
model name	: Intel(R) Core(TM) i7-14650HX
flags		: fpu vme de pse tsc msr pae mce cx8 apic sep mtrr pge mca cmov pat pse36 clflush dts acpi mmx fxsr sse sse2 ss ht tm pbe syscall nx pdpe1gb rdtscp lm constant_tsc art arch_perfmon pebs bts rep_good nopl xtopology nonstop_tsc cpuid aperfmperf tsc_known_freq pni pclmulqdq dtes64 monitor ds_cpl vmx est tm2 ssse3 sdbg fma cx16 xtpr pdcm pcid sse4_1 sse4_2 x2apic movbe popcnt tsc_deadline_timer aes xsave avx f16c rdrand lahf_lm abm 3dnowprefetch cpuid_fault epb ssbd ibrs ibpb stibp ibrs_enhanced tpr_shadow flexpriority ept vpid ept_ad fsgsbase tsc_adjust bmi1 avx2 smep bmi2 erms invpcid rdseed adx smap clflushopt clwb intel_pt sha_ni xsaveopt xsavec xgetbv1 xsaves split_lock_detect user_shstk avx_vnni dtherm ida arat pln pts hwp hwp_notify hwp_act_window hwp_epp hwp_pkg_req hfi vnmi umip pku ospke waitpkg gfni vaes vpclmulqdq rdpid movdiri movdir64b fsrm md_clear serialize arch_lbr ibt flush_l1d arch_capabilities

Online cpus: 0-23
Offline cpus: 
BIOS frequency limitation: <Not Available>
Frequency switch latency (ns): 0
Available cpu frequencies: <Not Available>
Current governor: powersave
Core performance/turbo boost: <Not Available>

Memory: 4k page, physical 16060528k(847052k free), swap 0k(0k free)
Page Sizes: 4k

vm_info: OpenJDK 64-Bit Server VM (25.0.3+9-LTS) for linux-amd64 JRE (25.0.3+9-LTS), built on 2026-04-21T00:00:00Z with gcc 14.2.0

END.
